CUSIP,Issuer Name,Ticker,Cpn,Maturity,years_to_maturity,Bid Price snapshot,Ask Price snapshot,bid_ask_spread_snapshot,tc_pct_avg,current_yield,duration,BBG Composite,RTG_MOODY,BICS_LEVEL_1_SECTOR_NAME,BICS_LEVEL_2_INDUSTRY_GROUP_NAME,c1_factor,c3_factor,Amt Out,Mty Type
00139PAA6,AIG SunAmerica Global Financing X,CRBG,6.9,2032-03-15,8.038329911019849,110.447,110.672,0.22499999999999432,0.001867294857734835,0.062346392944918325,4.82459058331994,A,A2,Financials,Life Insurance,0.003,0.031,750000000,AT MATURITY
EC5379283,AIG SunAmerica Global Financing X,CRBG,6.9,2032-03-15,8.038329911019849,110.447,110.672,0.22499999999999432,0.001867294857734835,0.062346392944918325,4.82459058331994,A,A2,Financials,Life Insurance,0.003,0.031,750000000,AT MATURITY
04685A3R0,Athene Global Funding,ATH,5.339,2027-01-15,2.8747433264887063,100.987,101.042,0.05500000000000682,0.001200622231815047,0.05283941331327567,0.8284016198268644,A+,A1,Financials,Life Insurance,0.003,0.0065,550000000,AT MATURITY
04686E3X8,Athene Global Funding,ATH,5.339,2027-01-15,2.8747433264887063,100.987,101.042,0.05500000000000682,0.0012005036775222186,0.05283941331327567,0.8284016198268644,A+,A1,Financials,Life Insurance,0.003,0.0065,550000000,AT MATURITY
04685A2P5,Athene Global Funding,ATH,2.45,2027-08-20,3.468856947296372,97.177,97.261,0.08399999999998897,0.0014371928152885325,0.025189952807394538,1.4060354796352885,A+,A1,Financials,Life Insurance,0.003,0.013,410816000,AT MATURITY
04686E2R2,Athene Global Funding,ATH,2.45,2027-08-20,3.468856947296372,97.177,97.261,0.08399999999998897,0.0014371928152885325,0.025189952807394538,1.4060354796352885,A+,A1,Financials,Life Insurance,0.003,0.013,410816000,AT MATURITY
05964HAS4,Banco Santander SA,SANTAN,5.294,2027-08-18,3.463381245722108,101.457,101.519,0.06200000000001182,0.000852263647342893,0.05214787379702321,1.3828472996546333,A-,Baa1,Financials,Diversified Banks,0.003,0.013,1750000000,AT MATURITY
06407EAE5,Bank of New Zealand,BZLNZ,2.285,2027-01-27,2.9075975359342916,98.617,98.666,0.04899999999999238,0.0008820763130223678,0.023158940263109887,0.8692965303888128,A+,A1,Financials,Banks,0.003,0.0065,750000000,AT MATURITY
06407F2E1,Bank of New Zealand,BZLNZ,2.285,2027-01-27,2.9075975359342916,98.617,98.666,0.04899999999999238,0.0008823252761335554,0.023158940263109887,0.8692965303888128,A+,A1,Financials,Banks,0.003,0.0065,750000000,AT MATURITY
13607HVE9,Canadian Imperial Bank of Commerce,CM,1.25,2026-06-22,2.308008213552361,99.187,99.213,0.02599999999999625,0.0006641632733945723,0.01259915535262516,0.2910367734985746,A,A2,Financials,Diversified Banks,0.003,0.0065,750000000,AT MATURITY
14913R2Q9,Caterpillar Financial Services Corp,CAT,1.15,2026-09-14,2.537987679671458,98.607,98.672,0.06499999999999773,0.0007305938164356861,0.011654775417544998,0.5096218598485234,A,A2,Industrials,Machinery Manufacturing,0.003,0.0065,500000000,AT MATURITY
14912L6T3,Caterpillar Financial Services Corp,CAT,2.4,2026-08-09,2.439425051334702,99.437,99.497,0.060000000000002274,0.000995863829037583,0.024121330291365567,0.4184927131842158,A,A2,Industrials,Machinery Manufacturing,0.003,0.0065,300000000,AT MATURITY
14913UAE0,Caterpillar Financial Services Corp,CAT,4.5,2027-01-08,2.855578370978782,100.607,100.649,0.04200000000000159,0.0007969893613891211,0.04470983318264463,0.8127730419428182,A,A2,Industrials,Machinery Manufacturing,0.003,0.0065,500000000,AT MATURITY
14913UAA8,Caterpillar Financial Services Corp,CAT,4.35,2026-05-15,2.2039698836413417,100.087,100.104,0.016999999999995907,0.0006405426747337743,0.04345480700071925,0.19028649790829863,A,A2,Industrials,Machinery Manufacturing,0.003,0.0065,1450000000,AT MATURITY
BP4094119,CBQ Finance Ltd,COMQAT,2.0,2026-05-12,2.195756331279945,99.477,99.479,0.001999999999995339,0.0014443143111428317,0.02010474572522844,0.17350470302172077,A-,A3,Financials,Banks,0.003,0.0065,700000000,AT MATURITY
AM6439740,China Cinda Finance 2017 I Ltd,CCAMCL,4.4,2027-03-09,3.0198494182067077,100.207,100.244,0.03700000000000614,0.0009394015024183947,0.043892901320777306,0.9691132119612785,BBB+,Baa2,Financials,Financial Services,0.01,0.0065,700000000,AT MATURITY
AQ6089074,CITIC Ltd,CITLTD,4.0,2028-01-11,3.863107460643395,100.007,100.027,0.01999999999999602,0.0012927554062444621,0.03998920291521289,1.7461333661039085,A-,A3,Financials,Banks,0.003,0.013,500000000,AT MATURITY
AZ1269218,CNAC HK Finbridge Co Ltd,HAOHUA,3.875,2029-06-19,5.300479123887748,98.577,98.626,0.049000000000006594,0.0007479020868680486,0.03928984243505769,3.0175306709968592,BBB+,Baa2,Materials,Chemicals,0.01,0.025,900000000,AT MATURITY
191216DD9,Coca-Cola Co/The,KO,1.0,2028-03-15,4.03832991101985,94.727,94.777,0.04999999999999716,0.0,0.010551083068677,1.9629683091364514,A+,A1,Consumer Staples,Food & Beverage,0.003,0.013,1300000000,AT MATURITY
205887AF9,Conagra Brands Inc,CAG,7.125,2026-10-01,2.5845311430527036,101.607,101.708,0.10099999999999909,0.0023454940307718825,0.07005348645140992,0.5412575840664571,BBB-,Baa3,Consumer Staples,Food & Beverage,0.013,0.0065,262450000,PUTABLE
126149AD5,Conopco Inc,CONOPC,7.25,2026-12-15,2.7898699520876113,102.567,102.692,0.125,0.002395658447477485,0.07059946247029954,0.7438195618188993,A+,A1,Consumer Staples,Consumer Products,0.003,0.0065,300000000,AT MATURITY
21688ABD3,Cooperatieve Rabobank UA/NY,RABOBK,5.041,2027-03-05,3.0088980150581794,101.177,101.219,0.04199999999998738,0.0007176808515948246,0.049802902617097584,0.9664737072336089,AA-,Aa2,Financials,Banks,0.003,0.0065,650000000,AT MATURITY
247025AE9,Dell Inc,DELL,7.1,2028-04-15,4.123203285420945,105.617,105.78,0.1629999999999967,0.0018773215740746846,0.06712043864624692,1.9083797240401366,BBB-,Baa3,Technology,Hardware,0.013,0.013,300000000,AT MATURITY
656531AJ9,Equinor ASA,EQNR,7.15,2029-01-15,4.876112251882272,108.277,108.461,0.1839999999999975,0.003497651982181462,0.06592231308949761,2.5714259414288194,AA-,Aa2,Energy,Integrated Oils,0.003,0.019,275000000,AT MATURITY
30040WAV0,Eversource Energy,ES,4.75,2026-05-15,2.2039698836413417,100.137,100.16,0.022999999999996135,0.0009371933380959459,0.0474241214057508,0.19020556919188264,BBB,Baa2,Utilities,Utilities,0.01,0.0065,450000000,AT MATURITY
125581GX0,First-Citizens Bank & Trust Co,FCNCA,6.125,2028-03-09,4.0219028062970565,103.187,103.443,0.2560000000000002,0.0022426832148694955,0.05921135311234206,1.8274587575110077,BBB,Baa2,Financials,Banks,0.01,0.013,400000000,AT MATURITY
38141GES9,Goldman Sachs Group Inc/The,GS,5.95,2027-01-15,2.8747433264887063,101.57,101.663,0.09300000000000352,0.0012458563134507918,0.05852670096298555,0.8274330556605762,BBB+,Baa2,Financials,Financial Services,0.01,0.0065,808203000,AT MATURITY
022249AU0,Howmet Aerospace Inc,HWM,6.75,2028-01-15,3.8740588637919235,104.967,105.013,0.04600000000000648,0.0018088218647048313,0.06427775608734157,1.7314622681409246,BBB+,Baa1,Industrials,Aerospace & Defense,0.01,0.013,300000000,AT MATURITY
404280CF4,HSBC Holdings PLC,HSBC,4.95,2030-03-31,6.080766598220397,102.327,102.398,0.07099999999999795,0.0009977288564238457,0.048340787906013795,3.5847571011332557,A-,A3,Financials,Diversified Banks,0.003,0.025,2500000000,AT MATURITY
40428HA44,HSBC USA Inc,HSBC,5.294,2027-03-04,3.0061601642710474,101.427,101.45,0.022999999999996135,0.0006196582417978941,0.052183341547560366,0.9632590009560755,A,A2,Financials,Banks,0.003,0.0065,1000000000,AT MATURITY
BT5886671,Hyundai Capital Services Inc,HYUCAP,2.5,2027-01-24,2.8993839835728954,98.637,98.695,0.057999999999992724,0.0009519497847513232,0.025330563858351487,0.8597671626985597,A-,,Consumer Discretionary,Automobiles Manufacturing,0.003,0.0065,300000000,AT MATURITY
44920UAT5,Hyundai Capital Services Inc,HYUCAP,2.5,2027-01-24,2.8993839835728954,98.637,98.695,0.057999999999992724,0.0009519908403218694,0.025330563858351487,0.8597671626985597,A-,,Consumer Discretionary,Automobiles Manufacturing,0.003,0.0065,300000000,AT MATURITY
472319AE2,Jefferies Financial Group Inc,JEF,6.45,2027-06-08,3.268993839835729,102.397,102.641,0.24399999999999977,0.0017564662332804847,0.06284038542103058,1.1842672210579304,BBB,Baa2,Financials,Financial Services,0.01,0.013,350000000,AT MATURITY
BR4616800,Jinan Urban Construction International Investment Co Ltd,JNUCGC,2.4,2026-09-23,2.5626283367556466,98.807,98.903,0.09600000000000364,0.0030204663985840155,0.024266200216373615,0.5210481309380511,BBB+,Baa1,Industrials,Industrial Other,0.01,0.0065,305000000,AT MATURITY
24422EUB3,John Deere Capital Corp,DE,3.05,2028-01-06,3.8494182067077345,98.677,98.748,0.07099999999999795,0.001417532229448849,0.030886701502815243,1.755281732616617,A,A1,Industrials,Machinery Manufacturing,0.003,0.013,400000000,AT MATURITY
24422EWL9,John Deere Capital Corp,DE,4.35,2032-09-15,8.542094455852157,100.417,100.52,0.10299999999999443,0.0011961112545781983,0.04327497015519299,5.520031116505326,A,A1,Industrials,Machinery Manufacturing,0.003,0.04,600000000,AT MATURITY
ZL3159429,Kasikornbank PCL/Hong Kong,KBANK,5.458,2028-03-07,4.016427104722792,102.217,102.278,0.06100000000000705,0.0009570509704585149,0.05336435988189053,1.8772047203553164,BBB,Baa1,Financials,Banks,0.01,0.013,600000000,AT MATURITY
49327V2B9,Keybank National Association,KEY,3.9,2029-04-13,5.117043121149897,98.097,98.207,0.10999999999999943,0.002734863044424316,0.03971203682018593,2.8416305493692615,BBB,Baa2,Financials,Banks,0.01,0.019,350000000,AT MATURITY
ZI8616628,Korea Southern Power Co Ltd,KOSOPW,5.375,2026-09-21,2.5571526351813825,100.677,100.713,0.03599999999998715,0.0007520546765680734,0.0533694756386961,0.5227862699544696,AA-,Aa2,Utilities,Power Generation,0.003,0.0065,300000000,AT MATURITY
BQ2936111,LG Chem Ltd,LGCHM,2.375,2031-07-07,7.34839151266256,89.537,89.588,0.05099999999998772,0.00160276140000775,0.026510246908068046,4.889447431196277,BBB,Baa2,Materials,Chemicals,0.01,0.031,500000000,AT MATURITY
501955AD0,LG Chem Ltd,LGCHM,2.375,2031-07-07,7.34839151266256,89.537,89.588,0.05099999999998772,0.00160276140000775,0.026510246908068046,4.889447431196277,BBB,Baa2,Materials,Chemicals,0.01,0.031,500000000,AT MATURITY
53944YAD5,Lloyds Banking Group PLC,LLOYDS,3.75,2027-01-11,2.863791923340178,99.837,99.875,0.0379999999999967,0.0007299607825089115,0.03754693366708386,0.8219210548108227,A-,A3,Financials,Banks,0.003,0.0065,1250000000,AT MATURITY
548661AK3,Lowe's Cos Inc,LOW,6.5,2029-03-15,5.037645448323066,106.7,106.86,0.1599999999999966,0.001964948620127976,0.06082725060827251,2.6705348479726965,BBB+,Baa1,Consumer Discretionary,Retail - Consumer Discretionary,0.01,0.019,310741000,AT MATURITY
61238QAA6,LYB Finance Co BV,LYB,8.1,2027-03-15,3.0362765229295,103.897,103.966,0.0689999999999884,0.0015136512564004002,0.07791008598965046,0.9494507913924263,BBB,WR,Materials,Chemicals,0.01,0.0065,300000000,AT MATURITY
ZS5181574,MAF Sukuk Ltd,MAFUAE,4.638,2029-05-14,5.201916495550993,99.877,99.997,0.12000000000000455,0.0027283815858209735,0.046381391441743254,2.8843329548619305,BBB,,Financials,Real Estate,0.01,0.019,600000000,AT MATURITY
55279HAQ3,Manufacturers & Traders Trust Co,MTB,3.4,2027-08-17,3.460643394934976,99.07,99.18,0.11000000000001364,0.0017098408858892795,0.034281105061504336,1.3942409532388866,A-,A3,Financials,Banks,0.003,0.013,500000000,AT MATURITY
58769JAQ0,Mercedes-Benz Finance North America LLC,MBGGR,4.8,2027-01-11,2.863791923340178,100.707,100.757,0.05000000000001137,0.0006881613021208485,0.04763936996933215,0.8193735486970324,A,A2,Consumer Discretionary,Automobiles Manufacturing,0.003,0.0065,800000000,AT MATURITY
ZF2198033,Mercedes-Benz Finance North America LLC,MBGGR,4.8,2027-01-11,2.863791923340178,100.707,100.757,0.05000000000001137,0.0006881613021208485,0.04763936996933215,0.8193735486970324,A,A2,Consumer Discretionary,Automobiles Manufacturing,0.003,0.0065,800000000,AT MATURITY
59217GER6,Metropolitan Life Global Funding I,MET,1.875,2027-01-11,2.863791923340178,98.317,98.363,0.04600000000000648,0.0007457947630711342,0.019062045687911106,0.8264471427408732,AA-,Aa3,Financials,Life Insurance,0.003,0.0065,900000000,AT MATURITY
59217HDB0,Metropolitan Life Global Funding I,MET,1.875,2027-01-11,2.863791923340178,98.317,98.363,0.04600000000000648,0.0007457947630711342,0.019062045687911106,0.8264471427408732,AA-,Aa3,Financials,Life Insurance,0.003,0.0065,900000000,AT MATURITY
59217GFR5,Metropolitan Life Global Funding I,MET,4.85,2029-01-08,4.856947296372348,102.047,102.129,0.08200000000000784,0.001077584729655651,0.047488960040732796,2.6159044864790655,AA-,Aa3,Financials,Life Insurance,0.003,0.019,750000000,AT MATURITY
59217HEB9,Metropolitan Life Global Funding I,MET,4.85,2029-01-08,4.856947296372348,102.047,102.129,0.08200000000000784,0.001077584729655651,0.047488960040732796,2.6159044864790655,AA-,Aa3,Financials,Life Insurance,0.003,0.019,750000000,AT MATURITY
60687YAD1,Mizuho Financial Group Inc,MIZUHO,3.477,2026-04-12,2.113620807665982,99.947,99.949,0.001999999999995339,0.0005778937421427114,0.03478774174829163,0.09960811296799661,A,A1,Financials,Diversified Banks,0.003,0.0065,1750000000,AT MATURITY
64952WDS9,New York Life Global Funding,NYLIFE,1.2,2030-08-07,6.433949349760438,88.067,88.373,0.3060000000000116,0.0017598414337290276,0.013578808006970453,4.217905089400151,AA+,Aa1,Financials,Life Insurance,0.003,0.031,600000000,AT MATURITY
64952XDN8,New York Life Global Funding,NYLIFE,1.2,2030-08-07,6.433949349760438,88.067,88.373,0.3060000000000116,0.0017598414337290276,0.013578808006970453,4.217905089400151,AA+,Aa1,Financials,Life Insurance,0.003,0.031,600000000,AT MATURITY
65535HAQ2,Nomura Holdings Inc,NOMURA,3.103,2030-01-16,5.878165639972622,95.197,95.252,0.05499999999999261,0.0009871141877533336,0.03257674379540587,3.567267753222099,BBB+,Baa1,Financials,Financial Services,0.01,0.025,1500000000,AT MATURITY
656029AG0,Norinchukin Bank/The,NORBK,1.284,2026-09-22,2.5598904859685145,98.47,98.524,0.054000000000002046,0.0009129579250512275,0.013032357598148674,0.5303835972931562,A,A1,Financials,Banks,0.003,0.0065,500000000,AT MATURITY
BR3763231,Norinchukin Bank/The,NORBK,1.284,2026-09-22,2.5598904859685145,98.47,98.524,0.054000000000002046,0.0009129579250512275,0.013032357598148674,0.5303835972931562,A,A1,Financials,Banks,0.003,0.0065,500000000,AT MATURITY
656029AH8,Norinchukin Bank/The,NORBK,2.08,2031-09-22,7.559206023271732,87.77,87.977,0.20700000000000784,0.002073412764511629,0.023642542937358627,5.070677168372365,A,A1,Financials,Banks,0.003,0.04,500000000,AT MATURITY
BR3764569,Norinchukin Bank/The,NORBK,2.08,2031-09-22,7.559206023271732,87.77,87.977,0.20700000000000784,0.002073412444015907,0.023642542937358627,5.070677168372365,A,A1,Financials,Banks,0.003,0.04,500000000,AT MATURITY
66815L2F5,Northwestern Mutual Global Funding,NWMLIC,1.75,2027-01-11,2.863791923340178,98.27,98.299,0.029000000000010573,0.0008208852338006505,0.0178028260714758,0.8270816181943819,AA+,Aa1,Financials,Life Insurance,0.003,0.0065,550000000,AT MATURITY
66815M2F3,Northwestern Mutual Global Funding,NWMLIC,1.75,2027-01-11,2.863791923340178,98.27,98.299,0.029000000000010573,0.0008208852338006505,0.0178028260714758,0.8270816181943819,AA+,Aa1,Financials,Life Insurance,0.003,0.0065,550000000,AT MATURITY
66815L2K4,Northwestern Mutual Global Funding,NWMLIC,4.35,2027-09-15,3.540041067761807,100.617,100.743,0.12599999999999056,0.0009694613793682183,0.04317917870224234,1.4346934718132414,AA+,Aa1,Financials,Life Insurance,0.003,0.013,700000000,AT MATURITY
66815M2K2,Northwestern Mutual Global Funding,NWMLIC,4.35,2027-09-15,3.540041067761807,100.617,100.743,0.12599999999999056,0.0009690243321063882,0.04317917870224234,1.4346934718132414,AA+,Aa1,Financials,Life Insurance,0.003,0.013,700000000,AT MATURITY
AR7148604,NTPC Ltd,NTPCIN,4.5,2028-03-19,4.049281314168378,100.397,100.59,0.19299999999999784,0.0013714358536602545,0.044736057262153295,1.8807007213699751,BBB-,Baa3,Utilities,Power Generation,0.013,0.013,400000000,AT MATURITY
674599DD4,Occidental Petroleum Corp,OXY,7.5,2031-05-01,7.1649555099247095,113.047,113.171,0.12400000000000944,0.0014062780536000944,0.06627139461522828,4.228749011183955,BBB-,Baa3,Energy,Exploration & Production,0.013,0.031,869550000,AT MATURITY
717081DV2,Pfizer Inc,PFE,2.75,2026-06-03,2.2559890485968515,99.697,99.73,0.03300000000000125,0.0007503274051578038,0.027574451017747918,0.23941130990527934,A,A2,Health Care,Pharmaceuticals,0.003,0.0065,1250000000,AT MATURITY
742718FG9,Procter & Gamble Co/The,PG,2.8,2027-03-25,3.0636550308008212,99.067,99.126,0.05900000000001171,0.0008719711027066467,0.02824687771119585,1.0134738436899844,AA-,Aa3,Consumer Staples,Consumer Products,0.003,0.013,500000000,AT MATURITY
744330AA9,Prudential Funding Asia PLC,PRUFIN,3.125,2030-04-14,6.119096509240246,95.767,95.885,0.11800000000000921,0.001286558873025445,0.032591124784898576,3.7513647202379934,A,A2,Financials,Life Insurance,0.003,0.025,1000000000,AT MATURITY
74531EAA0,Puget Sound Energy Inc,PSD,7.02,2027-12-01,3.7508555783709787,104.847,105.005,0.15800000000000125,0.005371249843797513,0.06685395933526975,1.5817503942750648,A-,A2,Utilities,Utilities,0.003,0.013,266500000,AT MATURITY
759470AX5,Reliance Industries Ltd,RILIN,3.667,2027-11-30,3.7481177275838466,99.057,99.103,0.04599999999999227,0.0010741977170514328,0.03700190710674753,1.6450195104471186,BBB+,Baa2,Energy,Refining & Marketing,0.01,0.013,800000000,AT MATURITY
AQ1070327,Reliance Industries Ltd,RILIN,3.667,2027-11-30,3.7481177275838466,99.057,99.103,0.04599999999999227,0.0010740363707272584,0.03700190710674753,1.6450195104471186,BBB+,Baa2,Energy,Refining & Marketing,0.01,0.013,800000000,AT MATURITY
780082AH6,Royal Bank of Canada,RY,1.05,2026-09-14,2.537987679671458,98.567,98.577,0.010000000000005116,0.0005706675934760948,0.010651571867677045,0.5098325807638177,AAA,Aaa,Financials,Diversified Banks,0.003,0.0065,2500000000,AT MATURITY
BR3379137,Royal Bank of Canada,RY,1.05,2026-09-14,2.537987679671458,98.567,98.577,0.010000000000005116,0.0005706675934760948,0.010651571867677045,0.5098325807638177,AAA,Aaa,Financials,Diversified Banks,0.003,0.0065,2500000000,AT MATURITY
913017AT6,RTX Corp,RTX,6.7,2028-08-01,4.418891170431212,105.907,106.093,0.18600000000000705,0.002595443244374305,0.0631521401034941,2.2068285112511865,BBB+,Baa1,Industrials,Aerospace & Defense,0.01,0.019,284882000,AT MATURITY
AU7892469,SABIC Capital II BV,SABIC,4.5,2028-10-10,4.610540725530458,100.487,100.634,0.14700000000000557,0.0021841082756974186,0.04471649740644315,2.375942488532727,A+,Aa3,Materials,Chemicals,0.003,0.019,1000000000,AT MATURITY
78520LAB6,SABIC Capital II BV,SABIC,4.5,2028-10-10,4.610540725530458,100.487,100.634,0.14700000000000557,0.0021841082756974186,0.04471649740644315,2.3840931176302154,A+,Aa3,Materials,Chemicals,0.003,0.019,1000000000,AT MATURITY
ZI7501953,Sumitomo Mitsui Trust Bank Ltd,SUMITR,5.55,2028-09-14,4.539356605065024,103.537,103.612,0.07499999999998863,0.0009862340382011758,0.05356522410531599,2.2854631638828424,A,A1,Financials,Financial Services,0.003,0.019,500000000,AT MATURITY
86563VBM0,Sumitomo Mitsui Trust Bank Ltd,SUMITR,5.55,2028-09-14,4.539356605065024,103.537,103.612,0.07499999999998863,0.000986079444267161,0.05356522410531599,2.2854631638828424,A,A1,Financials,Financial Services,0.003,0.019,500000000,AT MATURITY
71644EAE2,Suncor Energy Inc,SUCN,7.875,2026-06-15,2.2888432580424367,101.057,101.158,0.10099999999999909,0.002017045128881884,0.0778485142055003,0.27224801583634717,BBB+,Baa1,Energy,Integrated Oils,0.01,0.0065,275000000,AT MATURITY
87020PAV9,Swedbank AB,SWEDA,5.472,2026-06-15,2.2888432580424367,100.397,100.425,0.027999999999991587,0.0006814186567922885,0.054488424197162065,0.2720882166007123,AA-,Aa2,Financials,Banks,0.003,0.0065,850000000,AT MATURITY
ZK9217678,Swedbank AB,SWEDA,5.472,2026-06-15,2.2888432580424367,100.397,100.425,0.027999999999991587,0.0006814186567922885,0.054488424197162065,0.2639614807429888,AA-,Aa2,Financials,Banks,0.003,0.0065,850000000,AT MATURITY
879385AD4,Telefonica Europe BV,TELEFO,8.25,2030-09-15,6.54072553045859,114.707,114.798,0.09100000000000819,0.0014008337165936145,0.07186536350807506,3.7037598843619484,BBB-,Baa3,Communications,Wireline Telecommunications Services,0.013,0.025,1250000000,AT MATURITY
880451AV1,Tennessee Gas Pipeline Co LLC,KMI,7.0,2028-10-15,4.6242299794661195,107.027,107.221,0.19400000000000261,0.0014697716245356052,0.06528571828279908,2.3293152689919645,BBB,Baa2,Energy,Pipeline,0.01,0.019,400000000,AT MATURITY
89114TZG0,Toronto-Dominion Bank/The,TD,1.25,2026-09-10,2.5270362765229293,98.657,98.677,0.020000000000010232,0.0007327775401913842,0.01266759224540673,0.4981440858577723,A,A2,Financials,Diversified Banks,0.003,0.0065,1400000000,AT MATURITY
891160TD5,Toronto-Dominion Bank/The,TD,4.701,2026-06-05,2.2614647501711156,100.207,100.208,0.0010000000000047748,0.0004985431293763366,0.046912422161903236,0.2449174228394124,AAA,Aaa,Financials,Diversified Banks,0.003,0.0065,1600000000,AT MATURITY
ZK8284158,Toronto-Dominion Bank/The,TD,4.701,2026-06-05,2.2614647501711156,100.207,100.208,0.0010000000000047748,0.0004985431293763366,0.046912422161903236,0.2449174228394124,AAA,Aaa,Financials,Diversified Banks,0.003,0.0065,1600000000,AT MATURITY
89236THX6,Toyota Motor Credit Corp,TOYOTA,1.65,2031-01-10,6.861054072553046,88.777,88.828,0.05100000000000193,0.001063138471858014,0.018575224028459493,4.553511857811649,A+,A1,Consumer Discretionary,Automobiles Manufacturing,0.003,0.031,550000000,AT MATURITY
89236TJK2,Toyota Motor Credit Corp,TOYOTA,1.125,2026-06-18,2.297056810403833,99.177,99.218,0.04099999999999682,0.0005952245757337737,0.011338668386784656,0.28017986348704604,A+,A1,Consumer Discretionary,Automobiles Manufacturing,0.003,0.0065,1000000000,AT MATURITY
89236TJW6,Toyota Motor Credit Corp,TOYOTA,2.4,2032-01-13,7.868583162217659,89.987,90.123,0.1360000000000099,0.0017981483167674667,0.026630271961652408,5.334312229863742,A+,A1,Consumer Discretionary,Automobiles Manufacturing,0.003,0.04,400000000,AT MATURITY
89236TLD5,Toyota Motor Credit Corp,TOYOTA,5.4,2026-11-20,2.7214236824093088,101.097,101.179,0.08200000000000784,0.0006270626016195684,0.05337075875428696,0.6798171709252389,A+,A1,Consumer Discretionary,Automobiles Manufacturing,0.003,0.0065,900000000,AT MATURITY
89236TKR5,Toyota Motor Credit Corp,TOYOTA,4.7,2033-01-12,8.867898699520875,101.257,101.372,0.11499999999999488,0.0013656415539628859,0.046363887463994,5.774526349480088,A+,A1,Consumer Discretionary,Automobiles Manufacturing,0.003,0.04,500000000,AT MATURITY
25468PDM5,TWDC Enterprises 18 Corp,DIS,1.85,2026-07-30,2.412046543463381,99.177,99.223,0.04599999999999227,0.0006937504646065414,0.01864487064491096,0.39385286164684996,A,A2,Communications,Entertainment Content,0.003,0.0065,1000000000,AT MATURITY
902613BB3,UBS Group AG,UBS,4.55,2026-04-17,2.127310061601643,100.07,100.08,0.010000000000005116,0.0007100885843584698,0.04546362909672262,0.11339697683489877,A-,A2,Financials,Financial Services,0.003,0.0065,1982535000,AT MATURITY
92857WAB6,Vodafone Group PLC,VOD,6.25,2032-11-30,8.750171115674195,109.027,109.281,0.2540000000000049,0.0023845924732254636,0.05719200958995616,5.44642238228217,BBB,Baa2,Communications,Wireless Telecommunications Services,0.01,0.04,495000000,AT MATURITY
929089AB6,Voya Financial Inc,VOYA,3.65,2026-06-15,2.2888432580424367,99.857,99.897,0.04000000000000625,0.0012950953037903258,0.036537633762775655,0.2719691261539612,BBB,Baa2,Financials,Financial Services,0.01,0.0065,446859000,AT MATURITY
949746TB7,Wells Fargo & Co,WFC,7.95,2029-11-15,5.708418891170431,112.067,112.401,0.3340000000000032,0.004071421931427285,0.07072890810579978,3.1623118746374153,BBB,Baa1,Financials,Banks,0.01,0.025,300000000,AT MATURITY
961214ET6,Westpac Banking Corp,WSTP,2.15,2031-06-03,7.255304585900069,90.567,90.631,0.06400000000000716,0.0011102978412650094,0.023722567333473093,4.8393949743387505,AA-,Aa2,Financials,Banks,0.003,0.031,1000000000,AT MATURITY
96122XAQ1,Westpac Banking Corp,WSTP,4.184,2028-05-22,4.224503764544832,100.867,100.91,0.042999999999992156,0.0009320679801142095,0.0414626895253196,2.072446880830049,AAA,Aaa,Financials,Banks,0.003,0.019,1750000000,AT MATURITY
96122WAQ3,Westpac Banking Corp,WSTP,4.184,2028-05-22,4.224503764544832,100.867,100.91,0.042999999999992156,0.0009321478088151078,0.0414626895253196,2.072446880830049,AAA,Aaa,Financials,Banks,0.003,0.019,1750000000,AT MATURITY
96122QAC7,Westpac New Zealand Ltd,WSTPNZ,5.195,2029-02-28,4.996577686516085,102.997,103.058,0.06100000000000705,0.0009364838985601383,0.05040850783054202,2.741341391856854,A+,A1,Financials,Banks,0.003,0.019,750000000,AT MATURITY
96122FAC1,Westpac New Zealand Ltd,WSTPNZ,5.195,2029-02-28,4.996577686516085,102.997,103.058,0.06100000000000705,0.0009364838985601383,0.05040850783054202,2.741341391856854,A+,A1,Financials,Banks,0.003,0.019,750000000,AT MATURITY
96122QAA1,Westpac New Zealand Ltd,WSTPNZ,4.902,2028-02-15,3.9589322381930185,101.667,101.75,0.08299999999999841,0.001026661932675178,0.04817690417690418,1.8353468878753647,A+,A1,Financials,Banks,0.003,0.013,750000000,AT MATURITY
96122FAA5,Westpac New Zealand Ltd,WSTPNZ,4.902,2028-02-15,3.9589322381930185,101.667,101.75,0.08299999999999841,0.001026661932675178,0.04817690417690418,1.8353468878753647,A+,A1,Financials,Banks,0.003,0.013,750000000,AT MATURITY
