CUSIP,h_opt ($),duration (yrs),h_curr ($),Delta ($),Spread (bps),Score,C1 charge ($)
65535HBF5,30000000.0,2.229275793600107,1650165.0165016502,28349834.98349835,79.01165983000001,0.007901165983,378300.0
AO3387922,30000000.0,2.2439234016208855,1650165.0165016502,28349834.98349835,70.2221962,0.00702221962,304800.0
94974BGL8,30000000.0,2.2494048455592757,1650165.0165016502,28349834.98349835,56.29627372,0.005629627372,304800.0
686330AJ0,30000000.0,2.25993709367988,1650165.0165016502,28349834.98349835,57.08605082,0.005708605082,378300.0
AO8886308,30000000.0,2.347111558798041,1650165.0165016502,28349834.98349835,133.0108394,0.013301083940000001,456900.0
BZ0855750,30000000.0,2.3793458251970256,1650165.0165016502,28349834.98349835,55.48310434,0.005548310434,244800.00000000003
65558RAD1,30000000.0,2.3793458251970256,1650165.0165016502,28349834.98349835,55.48310434,0.005548310434,244800.00000000003
04686E2R2,30000000.0,2.380525205103184,1650165.0165016502,28349834.98349835,69.87680541,0.0069876805410000005,197100.0
BY6616951,30000000.0,2.3799761255141956,1650165.0165016502,28349834.98349835,71.63509722,0.007163509722000001,197100.0
37045XEX0,30000000.0,2.2524514377868243,1650165.0165016502,28349834.98349835,82.76637886,0.008276637886,456900.0
46115HBB2,30000000.0,2.276802538816231,1650165.0165016502,28349834.98349835,96.17636711,0.009617636711,378300.0
00138EBB9,30000000.0,2.3127132486848536,1650165.0165016502,28349834.98349835,64.1758942,0.0064175894200000005,244800.00000000003
65540KAJ4,30000000.0,2.259341653034026,1650165.0165016502,28349834.98349835,47.49373191,0.004749373191,197100.0
55279HAQ3,30000000.0,2.3439775069936575,1650165.0165016502,28349834.98349835,60.78566568,0.006078566568,304800.0
05964HAS4,30000000.0,2.286118321634258,1650165.0165016502,28349834.98349835,74.68111108,0.007468111107999999,304800.0
686330AQ4,16671400.0,2.369139861386528,1650165.0165016502,15021234.98349835,46.141723240000005,0.004614172324,210226.354
65540JAJ7,10328600.0,2.259341653034026,1650165.0165016502,8678434.98349835,47.49373191,0.004749373191,67858.902
EC5379283,1000000.0,5.411126802412582,1650165.0165016502,-650165.0165016502,101.8913374,0.01018913374,8160.000000000001
072732AC4,1000000.0,2.62425707237048,1650165.0165016502,-650165.0165016502,120.641379,0.0120641379,15230.0
556079AF8,1000000.0,5.823087187729309,1650165.0165016502,-650165.0165016502,134.0179404,0.013401794039999998,12610.0
2027A1JT5,1000000.0,2.4495067388421243,1650165.0165016502,-650165.0165016502,22.692795730000004,0.0022692795730000002,5230.0
05583JAE2,1000000.0,3.179435629432675,1650165.0165016502,-650165.0165016502,100.1447554,0.01001447554,12610.0
2027A0JT7,1000000.0,2.4495067388421243,1650165.0165016502,-650165.0165016502,22.692795730000004,0.0022692795730000002,5230.0
ZF3949285,1000000.0,3.4248686055389137,1650165.0165016502,-650165.0165016502,98.56713148,0.009856713148,10160.0
86562MAR1,1000000.0,2.2949190521206217,1650165.0165016502,-650165.0165016502,42.54515993,0.0042545159929999994,8160.000000000001
AP2190092,1000000.0,2.4750770414437944,1650165.0165016502,-650165.0165016502,13.64532662,0.001364532662,2710.0
14913R3A3,1000000.0,2.3341290369803698,1650165.0165016502,-650165.0165016502,21.36944713,0.002136944713,8160.000000000001
46115HBM8,1000000.0,4.0331103228651815,1650165.0165016502,-650165.0165016502,104.1831858,0.01041831858,12610.0
05584KAE8,1000000.0,3.179435629432675,1650165.0165016502,-650165.0165016502,100.1447554,0.01001447554,12610.0
BG2296385,1000000.0,4.489192236981545,1650165.0165016502,-650165.0165016502,113.0466911,0.01130466911,12610.0
AU2697798,1000000.0,3.122656699174352,1650165.0165016502,-650165.0165016502,153.6548955,0.015365489550000002,21680.0
233835AQ0,1000000.0,4.523499583265644,1650165.0165016502,-650165.0165016502,77.76361802,0.007776361801999999,8160.000000000001
AR7150246,1000000.0,2.809860728782982,1650165.0165016502,-650165.0165016502,128.1951058,0.012819510579999999,21680.0
AO1474169,1000000.0,2.275186418696229,1650165.0165016502,-650165.0165016502,46.80589788,0.004680589788,10160.0
830505BB8,1000000.0,3.5043276654298983,1650165.0165016502,-650165.0165016502,96.18701824,0.009618701824,8160.000000000001
35177PAL1,1000000.0,4.585200637589006,1650165.0165016502,-650165.0165016502,84.91007596,0.008491007596,12610.0
66815M2K2,1000000.0,2.3971657319668265,1650165.0165016502,-650165.0165016502,31.46805907,0.0031468059069999998,2710.0
0010EPAF5,1000000.0,5.948529809197753,1650165.0165016502,-650165.0165016502,107.6280579,0.01076280579,15230.0
49306CAB7,1000000.0,2.5809930187329226,1650165.0165016502,-650165.0165016502,107.8397492,0.01078397492,15230.0
AP0442859,1000000.0,2.43015181681775,1650165.0165016502,-650165.0165016502,15.476000049999998,0.0015476000049999999,6570.0
59217GBY4,0.0,1.7881235029585003,1650165.0165016502,-1650165.0165016502,37.26918692,0.0037269186920000003,0.0
742718FG9,0.0,2.0309351704235925,1650165.0165016502,-1650165.0165016502,1.41007833,0.000141007833,0.0
82620KBD4,0.0,2.9267111759133693,1650165.0165016502,-1650165.0165016502,33.6071924,0.00336071924,0.0
961214FT5,0.0,3.654062573391126,1650165.0165016502,-1650165.0165016502,48.2442015,0.0048244201500000005,0.0
EF6184701,0.0,1.4355328607020508,1650165.0165016502,-1650165.0165016502,24.33514794,0.0024335147939999998,0.0
ZI8616628,0.0,1.5291742713501157,1650165.0165016502,-1650165.0165016502,67.22925654,0.006722925653999999,0.0
166756AZ9,0.0,1.9259255701919622,1650165.0165016502,-1650165.0165016502,68.37883728,0.006837883728,0.0
656531AJ9,0.0,3.4073133476100965,1650165.0165016502,-1650165.0165016502,43.4786534,0.00434786534,0.0
59217HDB0,0.0,1.8723493561348263,1650165.0165016502,-1650165.0165016502,36.6883179,0.0036688317900000003,0.0
59217HBB2,0.0,1.7881235029585003,1650165.0165016502,-1650165.0165016502,37.26918692,0.0037269186920000003,0.0
891160TD5,0.0,1.292791977355937,1650165.0165016502,-1650165.0165016502,30.368563219999995,0.0030368563219999997,0.0
59217HEB9,0.0,3.4925417644453853,1650165.0165016502,-1650165.0165016502,52.22120236,0.005222120236,0.0
780082AH6,0.0,1.5744531698246822,1650165.0165016502,-1650165.0165016502,27.91804688,0.002791804688,0.0
00388WAL5,0.0,3.4778313142540584,1650165.0165016502,-1650165.0165016502,62.50386468,0.006250386468,0.0
20271AAL1,0.0,3.1866790870918598,1650165.0165016502,-1650165.0165016502,32.12759611,0.003212759611,0.0
96122XAQ1,0.0,3.0000831202132874,1650165.0165016502,-1650165.0165016502,27.67784686,0.002767784686,0.0
59217HDP9,0.0,3.9572657822042228,1650165.0165016502,-1650165.0165016502,60.52082596,0.0060520825960000005,0.0
6944PM2K2,0.0,3.398038116348891,1650165.0165016502,-1650165.0165016502,51.308024329999995,0.005130802433,0.0
ZJ0581547,0.0,3.094805655559836,1650165.0165016502,-1650165.0165016502,58.51759987,0.005851759987,0.0
YS4456861,0.0,4.279729969021902,1650165.0165016502,-1650165.0165016502,52.932872530000004,0.005293287253,0.0
13607PVU5,0.0,4.287053572288284,1650165.0165016502,-1650165.0165016502,39.18629288,0.0039186292880000004,0.0
58769JAQ0,0.0,1.8319605101839282,1650165.0165016502,-1650165.0165016502,46.01377921,0.0046013779210000005,0.0
83051GAT5,0.0,1.5578449195156296,1650165.0165016502,-1650165.0165016502,36.74477571,0.003674477571,0.0
74531EAA0,0.0,2.518026641039886,1650165.0165016502,-1650165.0165016502,51.78312221,0.0051783122210000004,0.0
86959LAL7,0.0,2.2019412323703276,1650165.0165016502,-1650165.0165016502,27.97730018,0.002797730018,0.0
57629XDA3,0.0,5.477189908712771,1650165.0165016502,-1650165.0165016502,56.21054942,0.005621054942,0.0
931142CH4,0.0,1.9972563989328151,1650165.0165016502,-1650165.0165016502,-1.635452501,-0.0001635452501,0.0
41136TAA5,0.0,3.0499916460314,1650165.0165016502,-1650165.0165016502,68.37883728,0.006837883728,0.0
BK8837647,0.0,5.0690879430594915,1650165.0165016502,-1650165.0165016502,14.53414384,0.001453414384,0.0
QZ9785317,0.0,1.6834054366191413,1650165.0165016502,-1650165.0165016502,20.888604990000005,0.0020888604990000003,0.0
ZH5526616,0.0,1.6281616618533632,1650165.0165016502,-1650165.0165016502,30.13537692,0.003013537692,0.0
64952XDN8,0.0,5.088191532994059,1650165.0165016502,-1650165.0165016502,42.9667709,0.00429667709,0.0
64952XFJ5,0.0,2.6293249184304557,1650165.0165016502,-1650165.0165016502,28.146978049999998,0.002814697805,0.0
66815M2F3,0.0,1.8748050868020512,1650165.0165016502,-1650165.0165016502,32.83315321,0.0032833153209999998,0.0
66815M2R7,0.0,1.973093670420653,1650165.0165016502,-1650165.0165016502,51.520125019999995,0.005152012502,0.0
66815M2S5,0.0,5.200408662307478,1650165.0165016502,-1650165.0165016502,65.87329983,0.006587329982999999,0.0
961214EL3,0.0,4.415164399913353,1650165.0165016502,-1650165.0165016502,44.97761009,0.004497761009,0.0
ZB0794709,0.0,2.0003911039216873,1650165.0165016502,-1650165.0165016502,36.16896852,0.003616896852,0.0
66815M2Q9,0.0,3.5037088120709425,1650165.0165016502,-1650165.0165016502,55.65400085,0.005565400085,0.0
21688ABD3,0.0,1.9267833297853452,1650165.0165016502,-1650165.0165016502,25.86109992,0.002586109992,0.0
63253QAG9,0.0,3.5084787237531776,1650165.0165016502,-1650165.0165016502,33.62898663,0.003362898663,0.0
87020PAV9,0.0,1.3132462229484791,1650165.0165016502,-1650165.0165016502,36.99492162,0.0036994921619999998,0.0
961214ET6,0.0,5.6586634149267585,1650165.0165016502,-1650165.0165016502,41.05566515000001,0.004105566515000001,0.0
BZ5735841,0.0,2.4415365666538444,1650165.0165016502,-1650165.0165016502,54.77889401,0.005477889401,0.0
ZD2045866,0.0,3.532816316452786,1650165.0165016502,-1650165.0165016502,51.98877333,0.005198877333,0.0
06418BAB4,0.0,1.9972066779888065,1650165.0165016502,-1650165.0165016502,31.4758908,0.00314758908,0.0
2027A1JZ1,0.0,2.835576402444968,1650165.0165016502,-1650165.0165016502,31.42197515,0.0031421975150000003,0.0
2027A0KK4,0.0,2.0052275460067337,1650165.0165016502,-1650165.0165016502,26.242504139999998,0.002624250414,0.0
2027A0JZ3,0.0,2.835576402444968,1650165.0165016502,-1650165.0165016502,31.42197515,0.0031421975150000003,0.0
21688AAY8,0.0,1.5705025187602377,1650165.0165016502,-1650165.0165016502,28.1839924,0.00281839924,0.0
24023KAF5,0.0,2.037447669350855,1650165.0165016502,-1650165.0165016502,22.9885289,0.00229885289,0.0
ZI8715974,0.0,1.525875551498609,1650165.0165016502,-1650165.0165016502,30.41550847,0.0030415508469999997,0.0
BU9235096,0.0,1.9972066779888065,1650165.0165016502,-1650165.0165016502,31.4758908,0.00314758908,0.0
ZL3159429,0.0,2.738796166953931,1650165.0165016502,-1650165.0165016502,67.43140027,0.006743140026999999,0.0
BT4580663,0.0,1.8768715524566872,1650165.0165016502,-1650165.0165016502,29.77231613,0.002977231613,0.0
49326EEG4,0.0,2.928761883090627,1650165.0165016502,-1650165.0165016502,88.48364538,0.008848364538,0.0
AZ1269218,0.0,3.8839243894797324,1650165.0165016502,-1650165.0165016502,85.76045116,0.008576045116,0.0
686330AP6,0.0,5.927882861954619,1650165.0165016502,-1650165.0165016502,80.70983056,0.008070983056,0.0
404280BH1,0.0,1.706299950224198,1650165.0165016502,-1650165.0165016502,64.64686137,0.006464686137,0.0
38141GES9,0.0,1.8293769225828962,1650165.0165016502,-1650165.0165016502,39.10005031,0.003910005031,0.0
65535HAQ2,0.0,4.340644200808857,1650165.0165016502,-1650165.0165016502,89.6072024,0.008960720240000001,0.0
AM6439740,0.0,1.9365582389734695,1650165.0165016502,-1650165.0165016502,93.88216525,0.009388216525,0.0
65535HAX7,0.0,5.645911019517888,1650165.0165016502,-1650165.0165016502,103.390676,0.0103390676,0.0
BR4616800,0.0,1.56729710518902,1650165.0165016502,-1650165.0165016502,103.5569884,0.01035569884,0.0
71644EAE2,0.0,1.2950332190877534,1650165.0165016502,-1650165.0165016502,64.72256021,0.0064722560209999995,0.0
ZM1977697,0.0,2.596963334151287,1650165.0165016502,-1650165.0165016502,76.74842035,0.007674842035000001,0.0
73730EAD5,0.0,2.598234995008234,1650165.0165016502,-1650165.0165016502,72.44078728,0.007244078728,0.0
00440FAA2,0.0,3.9820231453944666,1650165.0165016502,-1650165.0165016502,115.0048134,0.01150048134,0.0
AQ1070327,0.0,2.6089617052488325,1650165.0165016502,-1650165.0165016502,59.92283659,0.0059922836590000006,0.0
36294BAL8,0.0,3.0559651678821185,1650165.0165016502,-1650165.0165016502,79.78766296999999,0.007978766297,0.0
548661AK3,0.0,3.4901375553184075,1650165.0165016502,-1650165.0165016502,36.42806026,0.003642806026,0.0
AT8075117,0.0,3.0837932836784256,1650165.0165016502,-1650165.0165016502,52.96263429,0.005296263428999999,0.0
92343VER1,0.0,3.2351194767395426,1650165.0165016502,-1650165.0165016502,54.63849594999999,0.005463849595,0.0
92344GAM8,0.0,4.623706072855032,1650165.0165016502,-1650165.0165016502,71.11446399,0.007111446399,0.0
ZK3662838,0.0,2.911893948099301,1650165.0165016502,-1650165.0165016502,76.15483286,0.007615483286,0.0
83368JKF6,0.0,1.4501240318099557,1650165.0165016502,-1650165.0165016502,117.5675585,0.01175675585,0.0
674599DD4,0.0,4.843942436105974,1650165.0165016502,-1650165.0165016502,118.0685053,0.01180685053,0.0
698900AG2,0.0,5.1771541296069366,1650165.0165016502,-1650165.0165016502,127.7227991,0.01277227991,0.0
205887AF9,0.0,1.5371263030821434,1650165.0165016502,-1650165.0165016502,49.91610432,0.0049916104320000005,0.0
45434M2A9,0.0,4.398344341640345,1650165.0165016502,-1650165.0165016502,87.57359899,0.008757359898999999,0.0
AQ2327908,0.0,2.637791747944611,1650165.0165016502,-1650165.0165016502,59.928466889999996,0.005992846689,0.0
247025AE9,0.0,2.7872818828975148,1650165.0165016502,-1650165.0165016502,57.65436288,0.005765436288,0.0
AR7148604,0.0,2.807860556807196,1650165.0165016502,-1650165.0165016502,73.95370908,0.007395370908,0.0
636180BS9,0.0,1.5528715597973815,1650165.0165016502,-1650165.0165016502,72.20009033,0.007220009033,0.0
928668AU6,0.0,3.328412665147199,1650165.0165016502,-1650165.0165016502,113.9101631,0.01139101631,0.0
AV5564795,0.0,3.328412665147199,1650165.0165016502,-1650165.0165016502,113.9101631,0.01139101631,0.0
913017BA6,0.0,3.785199591605629,1650165.0165016502,-1650165.0165016502,56.13634001,0.005613634001,0.0
913017AT6,0.0,2.986731387022831,1650165.0165016502,-1650165.0165016502,55.45334517999999,0.0055453345179999995,0.0
BO1649512,0.0,2.9185638024292246,1650165.0165016502,-1650165.0165016502,4.117085436,0.0004117085436,0.0
BW4937361,0.0,3.875371305463275,1650165.0165016502,-1650165.0165016502,10.47456446,0.001047456446,0.0
ZF6644172,0.0,5.03275197108886,1650165.0165016502,-1650165.0165016502,13.48386223,0.001348386223,0.0
459058JR5,0.0,5.546356567664775,1650165.0165016502,-1650165.0165016502,7.891517521,0.0007891517521,0.0
502431AP4,0.0,1.8341315006776535,1650165.0165016502,-1650165.0165016502,49.58010604,0.004958010604,0.0
125581GX0,0.0,2.715236074487471,1650165.0165016502,-1650165.0165016502,78.82265520000001,0.00788226552,0.0
49327V2B9,0.0,3.700139571250045,1650165.0165016502,-1650165.0165016502,98.90638821,0.009890638821,0.0
949746TB7,0.0,3.8932736216666646,1650165.0165016502,-1650165.0165016502,92.5386481,0.00925386481,0.0
233853AM2,0.0,2.0336858911251587,1650165.0165016502,-1650165.0165016502,63.38202378,0.006338202378,0.0
501955AD0,0.0,5.669216321563153,1650165.0165016502,-1650165.0165016502,98.60459574,0.009860459573999999,0.0
61238QAA6,0.0,1.8798018405291523,1650165.0165016502,-1650165.0165016502,107.082802,0.0107082802,0.0
853254BF6,0.0,1.8904496564234294,1650165.0165016502,-1650165.0165016502,99.08679339,0.009908679339,0.0
472319AE2,0.0,2.139930720081559,1650165.0165016502,-1650165.0165016502,60.95496587,0.006095496587,0.0
929089AB6,0.0,1.3224095827452145,1650165.0165016502,-1650165.0165016502,57.58802449,0.005758802449,0.0
13607GRZ9,0.0,1.8768715524566872,1650165.0165016502,-1650165.0165016502,29.77231613,0.002977231613,0.0
04010LBE2,0.0,1.8083974205567053,1650165.0165016502,-1650165.0165016502,86.32656597,0.008632656597,0.0
880451AV1,0.0,3.1623282453989456,1650165.0165016502,-1650165.0165016502,74.66198369,0.007466198369,0.0
880451AS8,0.0,1.9070667306175908,1650165.0165016502,-1650165.0165016502,68.63802238,0.0068638022379999995,0.0
53079EBG8,0.0,3.4710535519047583,1650165.0165016502,-1650165.0165016502,98.06947636,0.009806947635999999,0.0
AW9591461,0.0,3.4710535519047583,1650165.0165016502,-1650165.0165016502,98.06947636,0.009806947635999999,0.0
ZS5181574,0.0,3.7362462585357687,1650165.0165016502,-1650165.0165016502,87.27284045999998,0.008727284045999999,0.0
78392BAH0,0.0,3.3716622538966634,1650165.0165016502,-1650165.0165016502,95.48009576,0.009548009575999999,0.0
ZM2585630,0.0,2.571145937236801,1650165.0165016502,-1650165.0165016502,86.09039388,0.008609039387999999,0.0
78392BAE7,0.0,2.571145937236801,1650165.0165016502,-1650165.0165016502,86.09039388,0.008609039387999999,0.0
30040WAV0,0.0,1.2338296834006466,1650165.0165016502,-1650165.0165016502,62.52533914,0.006252533914,0.0
ZO5319751,0.0,2.787109325440841,1650165.0165016502,-1650165.0165016502,73.94164329,0.007394164329,0.0
91311QAC9,0.0,3.0035318647019342,1650165.0165016502,-1650165.0165016502,88.41282583,0.008841282583,0.0
92857WAB6,0.0,6.043246850597514,1650165.0165016502,-1650165.0165016502,57.71998377,0.005771998377,0.0
111021AE1,0.0,4.499455196148759,1650165.0165016502,-1650165.0165016502,99.87695383,0.009987695383000001,0.0
022249AU0,0.0,2.647349148676552,1650165.0165016502,-1650165.0165016502,56.22815436,0.005622815436,0.0
47233JBH0,0.0,4.248931435507001,1650165.0165016502,-1650165.0165016502,90.8386129,0.00908386129,0.0
BS3534952,0.0,1.7182206322343412,1650165.0165016502,-1650165.0165016502,57.50056538,0.0057500565379999995,0.0
208251AE8,0.0,3.5425502238744033,1650165.0165016502,-1650165.0165016502,47.79471341000001,0.004779471341,0.0
ZQ8764776,0.0,4.351869574377912,1650165.0165016502,-1650165.0165016502,43.31506955999999,0.004331506955999999,0.0
86563VBA6,0.0,1.9821243457422144,1650165.0165016502,-1650165.0165016502,49.05535221,0.004905535221,0.0
86563VAY5,0.0,1.5721874644580842,1650165.0165016502,-1650165.0165016502,48.54918534,0.004854918534,0.0
00138EAY0,0.0,1.3341353037361392,1650165.0165016502,-1650165.0165016502,62.65463599,0.006265463599,0.0
744330AA9,0.0,4.584773165114427,1650165.0165016502,-1650165.0165016502,61.20397624,0.006120397624000001,0.0
14912L6T3,0.0,1.4645866997086516,1650165.0165016502,-1650165.0165016502,23.68161671,0.002368161671,0.0
14913R2Q9,0.0,1.5749224905705412,1650165.0165016502,-1650165.0165016502,15.37682735,0.001537682735,0.0
14913UAA8,0.0,1.2413512680341727,1650165.0165016502,-1650165.0165016502,21.603706999999996,0.0021603707,0.0
14913UAE0,0.0,1.8335275929169557,1650165.0165016502,-1650165.0165016502,14.10163389,0.001410163389,0.0
14913UAQ3,0.0,3.9333406196871734,1650165.0165016502,-1650165.0165016502,41.32686611,0.004132686611,0.0
14913UAS9,0.0,2.5471792154535016,1650165.0165016502,-1650165.0165016502,38.63831047,0.003863831047,0.0
24422EUB3,0.0,2.736081324552933,1650165.0165016502,-1650165.0165016502,19.41462282,0.001941462282,0.0
24422EWL9,0.0,6.165653287599759,1650165.0165016502,-1650165.0165016502,47.05259480000001,0.0047052594800000005,0.0
14913UAJ9,0.0,3.5470658394841648,1650165.0165016502,-1650165.0165016502,34.74000826,0.0034740008260000003,0.0
244199BD6,0.0,4.021995118715666,1650165.0165016502,-1650165.0165016502,26.23877722,0.002623877722,0.0
24422EWR6,0.0,2.655642366190573,1650165.0165016502,-1650165.0165016502,27.17017324,0.002717017324,0.0
24422EWZ8,0.0,4.585879399761192,1650165.0165016502,-1650165.0165016502,37.57809496,0.003757809496,0.0
24422EXN4,0.0,5.015861807159566,1650165.0165016502,-1650165.0165016502,70.1000314,0.00701000314,0.0
89236TLZ6,0.0,5.0216518765070495,1650165.0165016502,-1650165.0165016502,78.58591773,0.007858591773,0.0
892331AG4,0.0,4.019285973034653,1650165.0165016502,-1650165.0165016502,34.16830188,0.003416830188,0.0
89236TLD5,0.0,1.6924742333941787,1650165.0165016502,-1650165.0165016502,23.108847080000004,0.0023108847080000002,0.0
89236TKR5,0.0,6.400254733493614,1650165.0165016502,-1650165.0165016502,57.9319989,0.0057931998900000005,0.0
89236TJW6,0.0,6.103960430269445,1650165.0165016502,-1650165.0165016502,61.87987971,0.006187987971,0.0
89236TJK2,0.0,1.3525023879773168,1650165.0165016502,-1650165.0165016502,20.19346584,0.002019346584,0.0
86563VBP3,0.0,1.9239347421256117,1650165.0165016502,-1650165.0165016502,62.72195809,0.006272195809,0.0
89236THX6,0.0,5.41378169811359,1650165.0165016502,-1650165.0165016502,57.93644906,0.005793644906,0.0
AN3868675,0.0,2.129934062187095,1650165.0165016502,-1650165.0165016502,29.76587214,0.0029765872139999997,0.0
717081EA7,0.0,1.7888269420962084,1650165.0165016502,-1650165.0165016502,22.91197486,0.0022911974860000003,0.0
717081DV2,0.0,1.3015825684241797,1650165.0165016502,-1650165.0165016502,22.08321228,0.002208321228,0.0
24422EWE5,0.0,3.779323565938816,1650165.0165016502,-1650165.0165016502,36.26912447,0.0036269124470000003,0.0
24422EVD8,0.0,4.4836530938467,1650165.0165016502,-1650165.0165016502,39.16172649000001,0.003916172649,0.0
24422EVL0,0.0,5.467720029553108,1650165.0165016502,-1650165.0165016502,41.695215649999994,0.004169521565,0.0
EJ5291327,0.0,2.7069793115649423,1650165.0165016502,-1650165.0165016502,72.79430589,0.007279430589000001,0.0
61746BCY0,0.0,1.412878891107906,1650165.0165016502,-1650165.0165016502,43.11514445,0.004311514445,0.0
BS2091905,0.0,1.7084027009285823,1650165.0165016502,-1650165.0165016502,43.23589315,0.004323589315,0.0
86563VBM0,0.0,3.15182826997187,1650165.0165016502,-1650165.0165016502,61.99362808,0.006199362808,0.0
13607HVE9,0.0,1.359419656893592,1650165.0165016502,-1650165.0165016502,40.66501655,0.004066501655,0.0
69349LAS7,0.0,4.234466664314004,1650165.0165016502,-1650165.0165016502,79.84969706,0.007984969706,0.0
31429KAK9,0.0,2.7477536437622225,1650165.0165016502,-1650165.0165016502,67.48241836,0.006748241836,0.0
AN2054384,0.0,2.078398401326677,1650165.0165016502,-1650165.0165016502,27.13036702,0.002713036702,0.0
656029AH8,0.0,5.846583897475903,1650165.0165016502,-1650165.0165016502,97.19198389,0.009719198389,0.0
656029AG0,0.0,1.5845422978923067,1650165.0165016502,-1650165.0165016502,76.53748625,0.007653748625,0.0
89114TZG0,0.0,1.559488838060656,1650165.0165016502,-1650165.0165016502,38.28082609,0.0038280826089999997,0.0
40428HA44,0.0,1.9161132969223114,1650165.0165016502,-1650165.0165016502,40.25576857,0.004025576857,0.0
233851DW1,0.0,4.021814891521235,1650165.0165016502,-1650165.0165016502,79.17977491,0.007917977491,0.0
AX3134464,0.0,3.551885977871412,1650165.0165016502,-1650165.0165016502,77.78677682,0.007778677682,0.0
58769JAL1,0.0,3.061606925709265,1650165.0165016502,-1650165.0165016502,72.65985553,0.007265985553,0.0
58769JAC1,0.0,2.5583274818334454,1650165.0165016502,-1650165.0165016502,62.57981484,0.006257981484,0.0
05565ECH6,0.0,1.9951620858936943,1650165.0165016502,-1650165.0165016502,61.62118758999999,0.006162118758999999,0.0
YT2012888,0.0,4.086523002112064,1650165.0165016502,-1650165.0165016502,91.89468349,0.009189468349,0.0
233851DT8,0.0,3.551885977871412,1650165.0165016502,-1650165.0165016502,77.78677682,0.007778677682,0.0
89236TLL7,0.0,3.4978418056380285,1650165.0165016502,-1650165.0165016502,45.34155267999999,0.004534155268,0.0
89115A3G5,0.0,5.60465254218935,1650165.0165016502,-1650165.0165016502,57.337037654999996,0.0057337037655,0.0
06418GAD9,0.0,3.002210674271734,1650165.0165016502,-1650165.0165016502,57.61413226,0.005761413226,0.0
254687FQ4,0.0,4.466330653429305,1650165.0165016502,-1650165.0165016502,35.66808723,0.0035668087229999996,0.0
25468PDM5,0.0,1.4427227016005113,1650165.0165016502,-1650165.0165016502,28.40478752,0.002840478752,0.0
89114TZN5,0.0,1.8716230748361848,1650165.0165016502,-1650165.0165016502,49.29612761,0.004929612761,0.0
89114TZT2,0.0,1.9809849012868839,1650165.0165016502,-1650165.0165016502,54.80333069999999,0.005480333069999999,0.0
86562MCM0,0.0,1.8733115184542275,1650165.0165016502,-1650165.0165016502,51.09125756,0.005109125756,0.0
86562MBU3,0.0,4.172083327523116,1650165.0165016502,-1650165.0165016502,69.66804187,0.006966804187,0.0
JK7097401,0.0,1.1600180832840086,1650165.0165016502,-1650165.0165016502,50.138249,0.0050138249,0.0
86562MAY6,0.0,2.6923528324776833,1650165.0165016502,-1650165.0165016502,54.77337097000001,0.005477337097000001,0.0
86562MCJ7,0.0,5.819578701072163,1650165.0165016502,-1650165.0165016502,78.36948706,0.007836948706,0.0
86562MDG2,0.0,3.142901349616514,1650165.0165016502,-1650165.0165016502,64.3050685,0.006430506850000001,0.0
86562MCR9,0.0,2.6670619940023963,1650165.0165016502,-1650165.0165016502,64.01736522,0.006401736522,0.0
86562MCH1,0.0,1.5740165665854626,1650165.0165016502,-1650165.0165016502,48.66302974,0.004866302974,0.0
60687YAK5,0.0,1.9402339021933048,1650165.0165016502,-1650165.0165016502,45.45402416,0.0045454024160000005,0.0
06418BAE8,0.0,1.9819232029866392,1650165.0165016502,-1650165.0165016502,46.41993771,0.004641993771,0.0
86562MDB3,0.0,3.0593382570359275,1650165.0165016502,-1650165.0165016502,65.32379394,0.006532379394,0.0
89236TFT7,0.0,3.5582920294660694,1650165.0165016502,-1650165.0165016502,48.81080702,0.004881080702,0.0
00182FBJ4,0.0,2.7045808420579176,1650165.0165016502,-1650165.0165016502,53.50201108,0.005350201108,0.0
00182FBM7,0.0,4.493561374102405,1650165.0165016502,-1650165.0165016502,56.13660676,0.005613660676,0.0
456837AH6,0.0,2.0062395309847085,1650165.0165016502,-1650165.0165016502,53.14034874000001,0.0053140348740000004,0.0
BU3531722,0.0,1.9180587714138149,1650165.0165016502,-1650165.0165016502,90.69585479,0.009069585479,0.0
23636BAQ2,0.0,3.031720843114769,1650165.0165016502,-1650165.0165016502,73.81332759,0.007381332759,0.0
23636AAR2,0.0,3.031720843114769,1650165.0165016502,-1650165.0165016502,73.81332759,0.007381332759,0.0
BP4094119,0.0,1.2384397483428198,1650165.0165016502,-1650165.0165016502,111.8565127,0.01118565127,0.0
AQ6089074,0.0,2.711282418484686,1650165.0165016502,-1650165.0165016502,48.08524981,0.004808524981,0.0
404280CF4,0.0,4.360056532730447,1650165.0165016502,-1650165.0165016502,71.75605193,0.0071756051929999995,0.0
632525AY7,0.0,5.446765713499433,1650165.0165016502,-1650165.0165016502,102.8442447,0.010284424470000001,0.0
44891AAK3,0.0,1.5808646966889586,1650165.0165016502,-1650165.0165016502,68.37704809,0.006837704809,0.0
44891CCT8,0.0,1.8141897401926488,1650165.0165016502,-1650165.0165016502,69.05906412,0.006905906412,0.0
02665WFE6,0.0,3.5665523318382366,1650165.0165016502,-1650165.0165016502,68.80386286,0.006880386285999999,0.0
44920UAT5,0.0,1.870643821521797,1650165.0165016502,-1650165.0165016502,65.57999499,0.006557999499,0.0
36962GXZ2,0.0,5.461955457649984,1650165.0165016502,-1650165.0165016502,68.59533821,0.006859533820999999,0.0
69371RS64,0.0,3.1009327741222283,1650165.0165016502,-1650165.0165016502,35.04980981,0.003504980981,0.0
53944YAD5,0.0,1.8430268290564198,1650165.0165016502,-1650165.0165016502,58.80700091,0.005880700091,0.0
69371RT55,0.0,1.7174455724579727,1650165.0165016502,-1650165.0165016502,20.22416846,0.002022416846,0.0
86562MDT4,0.0,5.650546382064715,1650165.0165016502,-1650165.0165016502,40.398621840000004,0.004039862184,0.0
05964HAJ4,0.0,2.8697764995616906,1650165.0165016502,-1650165.0165016502,84.25707581,0.008425707581000001,0.0
18977X2C1,0.0,3.6028396531676616,1650165.0165016502,-1650165.0165016502,83.00481331,0.008300481331,0.0
18977X2A5,0.0,1.6167703142834686,1650165.0165016502,-1650165.0165016502,77.71001653,0.007771001653,0.0
TT3297450,0.0,1.5641359699247097,1650165.0165016502,-1650165.0165016502,74.02335644,0.007402335644,0.0
BR5983126,0.0,1.6137808992634897,1650165.0165016502,-1650165.0165016502,85.58151591999999,0.008558151592,0.0
6174467Y9,0.0,1.5097435873877925,1650165.0165016502,-1650165.0165016502,56.19265531,0.005619265531,0.0
902613BB3,0.0,1.1629359542399096,1650165.0165016502,-1650165.0165016502,53.31862314,0.005331862314,0.0
05964HAF2,0.0,2.765569963353773,1650165.0165016502,-1650165.0165016502,87.5234976,0.00875234976,0.0
ZO9466376,0.0,2.5337029741973427,1650165.0165016502,-1650165.0165016502,94.13551916,0.009413551916,0.0
606822BH6,0.0,3.634893707301264,1650165.0165016502,-1650165.0165016502,53.27792069000001,0.005327792069000001,0.0
46625HNJ5,0.0,2.4424062947705,1650165.0165016502,-1650165.0165016502,29.72692653,0.002972692653,0.0
22535WAB3,0.0,1.8345279204915195,1650165.0165016502,-1650165.0165016502,77.83892221,0.007783892221000001,0.0
22536PAB7,0.0,1.8345279204915195,1650165.0165016502,-1650165.0165016502,77.83892221,0.007783892221000001,0.0
06051GFL8,0.0,1.626834098228787,1650165.0165016502,-1650165.0165016502,49.46277215,0.004946277215,0.0
05964HAM7,0.0,5.310653786914327,1650165.0165016502,-1650165.0165016502,93.87613658,0.009387613658,0.0
606822BC7,0.0,3.225635846984834,1650165.0165016502,-1650165.0165016502,50.3723743,0.00503723743,0.0
907818CF3,0.0,3.3753956139562207,1650165.0165016502,-1650165.0165016502,30.69511015,0.003069511015,0.0
589331AE7,0.0,3.3478965699025505,1650165.0165016502,-1650165.0165016502,30.49364633,0.0030493646330000002,0.0
76209PAB9,0.0,3.5769813050767345,1650165.0165016502,-1650165.0165016502,75.10990686,0.007510990685999999,0.0
65334HAA0,0.0,5.357191698205576,1650165.0165016502,-1650165.0165016502,42.12441036,0.004212441036,0.0
78016HZT0,0.0,1.8099288825403286,1650165.0165016502,-1650165.0165016502,38.16643576,0.003816643576,0.0
78016FZX5,0.0,6.2280625869648185,1650165.0165016502,-1650165.0165016502,72.36207146,0.007236207146,0.0
48723RAC9,0.0,2.025679944034017,1650165.0165016502,-1650165.0165016502,43.22369436,0.004322369436,0.0
126149AD5,0.0,1.7376093044154397,1650165.0165016502,-1650165.0165016502,15.33032525,0.001533032525,0.0
AU7892469,0.0,3.26713736503043,1650165.0165016502,-1650165.0165016502,78.23413452,0.007823413452,0.0
06406RAH0,0.0,2.9487565714000565,1650165.0165016502,-1650165.0165016502,34.57276361,0.0034572763610000003,0.0
63859VBH3,0.0,1.6412269796283339,1650165.0165016502,-1650165.0165016502,44.596157139999995,0.004459615714,0.0
05578AAJ7,0.0,2.7243922030379513,1650165.0165016502,-1650165.0165016502,85.37447917,0.008537447917,0.0
ZJ7425375,0.0,3.0066075455234538,1650165.0165016502,-1650165.0165016502,73.31210152,0.007331210152,0.0
YW0111388,0.0,3.824459945854436,1650165.0165016502,-1650165.0165016502,74.05276578,0.007405276578,0.0
96122QAC7,0.0,3.516301623364104,1650165.0165016502,-1650165.0165016502,61.95284267,0.006195284267,0.0
96122QAA1,0.0,2.709265422336981,1650165.0165016502,-1650165.0165016502,56.0407503,0.00560407503,0.0
06407F2E1,0.0,1.8859477790395953,1650165.0165016502,-1650165.0165016502,38.29403484,0.003829403484,0.0
31429LAK7,0.0,2.7477536437622225,1650165.0165016502,-1650165.0165016502,67.48241836,0.006748241836,0.0
76209QAC5,0.0,3.302974477188687,1650165.0165016502,-1650165.0165016502,72.5008489,0.0072500848899999994,0.0
902674ZW3,0.0,3.139960067097371,1650165.0165016502,-1650165.0165016502,59.69067717,0.005969067717,0.0
191216DP2,0.0,6.134361413223963,1650165.0165016502,-1650165.0165016502,33.27365639,0.003327365639,0.0
76209PAC7,0.0,3.302974477188687,1650165.0165016502,-1650165.0165016502,72.5008489,0.0072500848899999994,0.0
75951BAQ9,0.0,1.5929189031067588,1650165.0165016502,-1650165.0165016502,102.4203936,0.01024203936,0.0
74368EBS8,0.0,3.3753417524647094,1650165.0165016502,-1650165.0165016502,66.52113906,0.006652113905999999,0.0
74256MEX1,0.0,3.03114114806717,1650165.0165016502,-1650165.0165016502,66.87899905,0.006687899905,0.0
74256MET0,0.0,1.7327089420335635,1650165.0165016502,-1650165.0165016502,43.97583755,0.004397583755,0.0
74256LES4,0.0,1.7327089420335635,1650165.0165016502,-1650165.0165016502,43.97583755,0.004397583755,0.0
191216DD9,0.0,2.974472794570381,1650165.0165016502,-1650165.0165016502,9.475234508,0.0009475234508,0.0
04685A3C3,0.0,3.278630036722561,1650165.0165016502,-1650165.0165016502,90.77799570000002,0.009077799570000001,0.0
74256MEH6,0.0,5.275125577741261,1650165.0165016502,-1650165.0165016502,70.27399523,0.007027399522999999,0.0
04686E3X8,0.0,1.8314626225285613,1650165.0165016502,-1650165.0165016502,68.31004228,0.006831004228000001,0.0
89152UAH5,0.0,3.3182149937045655,1650165.0165016502,-1650165.0165016502,37.45496955,0.003745496955,0.0
ZS0947904,0.0,3.7432027146965026,1650165.0165016502,-1650165.0165016502,82.44828119,0.008244828119,0.0
ZD7021300,0.0,1.971853781525344,1650165.0165016502,-1650165.0165016502,37.60795297,0.003760795297,0.0
191216CE8,0.0,2.1865126986539885,1650165.0165016502,-1650165.0165016502,11.49136113,0.001149136113,0.0
74256MEQ6,0.0,1.4966366706740677,1650165.0165016502,-1650165.0165016502,40.12822337,0.004012822337,0.0
879385AD4,0.0,4.371412933380845,1650165.0165016502,-1650165.0165016502,89.40984117,0.008940984117,0.0
