date,static_spread,dynamic_spread,spread_advantage,static_tc,dynamic_tc,is_trigger,static_cumspread,dynamic_cumspread,cumspread_gap
2024-03-04,0.024286,-0.004134,-0.02842,0.0,0.0,False,9.637301587301587e-05,-1.6404761904761904e-05,-0.00011277777777777778
2024-03-05,0.024284,-0.004137,-0.028421,0.0,0.0,False,0.00019273809523809524,-3.282142857142857e-05,-0.00022555952380952382
2024-03-06,0.024278,-0.004134,-0.028412,0.0,0.0,False,0.0002890793650793651,-4.922619047619048e-05,-0.00033830555555555556
2024-03-07,0.024289,-0.004136,-0.028425,0.0,0.0,False,0.00038546428571428575,-6.56388888888889e-05,-0.00045110317460317465
2024-03-08,0.024286,-0.004135,-0.028421,0.0,0.0,False,0.0004818373015873016,-8.204761904761906e-05,-0.0005638849206349207
2024-03-11,0.024278,-0.004139,-0.028418,0.0,0.0,False,0.0005781785714285715,-9.847222222222223e-05,-0.0006766507936507937
2024-03-12,0.024292,-0.004139,-0.028431,0.0,0.0,False,0.0006745753968253969,-0.00011489682539682541,-0.0007894722222222223
2024-03-13,0.024283,-0.004142,-0.028424,0.0,0.0,False,0.000770936507936508,-0.00013133333333333335,-0.0009022698412698414
2024-03-14,0.024306,-0.004141,-0.028448,0.0,0.0,False,0.000867388888888889,-0.00014776587301587303,-0.001015154761904762
2024-03-15,0.024276,-0.004137,-0.028413,0.0,0.0,False,0.0009637222222222224,-0.0001641825396825397,-0.001127904761904762
2024-03-18,0.024288,-0.004148,-0.028437,0.0,0.0,False,0.0010601031746031748,-0.00018064285714285716,-0.0012407460317460318
2024-03-19,0.024283,-0.004149,-0.028432,0.0,0.0,False,0.0011564642857142858,-0.00019710714285714289,-0.0013535714285714288
2024-03-20,0.024287,-0.004152,-0.028438,0.0,0.0,False,0.00125284126984127,-0.00021358333333333337,-0.0014664246031746034
2024-03-21,0.024281,-0.004147,-0.028428,0.0,0.0,False,0.0013491944444444445,-0.00023003968253968257,-0.001579234126984127
2024-03-22,0.024281,-0.004145,-0.028426,0.0,0.0,False,0.001445547619047619,-0.00024648809523809524,-0.0016920357142857143
2024-03-25,0.024289,-0.004147,-0.028436,0.0,0.0,False,0.0015419325396825397,-0.00026294444444444445,-0.0018048769841269843
2024-03-26,0.024283,-0.004152,-0.028435,0.0,0.0,False,0.0016382936507936508,-0.0002794206349206349,-0.0019177142857142856
2024-03-27,0.024281,-0.004157,-0.028438,0.0,0.0,False,0.0017346468253968254,-0.00029591666666666666,-0.002030563492063492
2024-03-28,0.024271,-0.004153,-0.028424,0.0,0.0,False,0.0018309603174603175,-0.0003123968253968254,-0.002143357142857143
2024-03-29,0.024283,-0.004165,-0.028448,0.0,0.0,False,0.0019273214285714286,-0.00032892460317460317,-0.002256246031746032
2024-04-01,0.024297,-0.004159,-0.028456,0.0,0.0,False,0.0020237380952380954,-0.0003454285714285714,-0.002369166666666667
2024-04-02,0.024293,-0.004159,-0.028451,0.0,0.0,False,0.002120138888888889,-0.0003619325396825397,-0.0024820714285714285
2024-04-03,0.024285,-0.00416,-0.028445,0.0,0.0,False,0.0022165079365079367,-0.00037844047619047617,-0.002594948412698413
2024-04-04,0.024288,-0.004165,-0.028452,0.0,0.0,False,0.002312888888888889,-0.00039496825396825397,-0.002707857142857143
2024-04-05,0.024298,-0.004162,-0.02846,0.0,0.0,False,0.002409309523809524,-0.000411484126984127,-0.002820793650793651
2024-04-08,0.024282,-0.004164,-0.028445,0.0,0.0,False,0.002505666666666667,-0.0004280079365079365,-0.0029336746031746034
2024-04-09,0.024276,-0.004161,-0.028437,0.0,0.0,False,0.002602,-0.00044451984126984127,-0.0030465198412698413
2024-04-10,0.0243,0.022859,-0.001441,0.0,0.001181,True,0.0026984285714285717,-0.0015348095238095238,-0.0042332380952380955
2024-04-11,0.024298,0.022872,-0.001425,0.0,0.0,False,0.0027948492063492067,-0.001444047619047619,-0.004238896825396826
2024-04-12,0.024283,0.023569,-0.000714,0.0,5.7e-05,True,0.002891210317460318,-0.0014075198412698414,-0.00429873015873016
2024-04-15,0.024294,0.023825,-0.000469,0.0,2.4e-05,True,0.00298761507936508,-0.0013369761904761907,-0.004324591269841271
2024-04-16,0.024292,0.024165,-0.000126,0.0,3.5e-05,True,0.0030840119047619054,-0.0012760833333333335,-0.004360095238095239
2024-04-17,0.024281,0.024444,0.000162,0.0,2.6e-05,True,0.00318036507936508,-0.0012050833333333334,-0.004385448412698414
2024-04-18,0.024297,0.024453,0.000156,0.0,1e-06,True,0.0032767817460317467,-0.001109047619047619,-0.004385829365079366
2024-04-19,0.024278,0.02445,0.000172,0.0,0.0,False,0.0033731230158730164,-0.0010120238095238097,-0.004385146825396826
2024-04-22,0.024287,0.024449,0.000162,0.0,0.0,False,0.0034695000000000004,-0.0009150039682539684,-0.004384503968253969
2024-04-23,0.024274,0.024446,0.000172,0.0,0.0,False,0.003565825396825397,-0.0008179960317460319,-0.004383821428571429
2024-04-24,0.024297,0.02445,0.000153,0.0,0.0,False,0.0036622420634920636,-0.0007209722222222223,-0.004383214285714286
2024-04-25,0.024289,0.024456,0.000166,0.0,0.0,False,0.003758626984126984,-0.0006239246031746033,-0.004382551587301588
2024-04-26,0.024284,0.024451,0.000167,0.0,0.0,False,0.0038549920634920634,-0.0005268968253968255,-0.004381888888888889
2024-04-29,0.024275,0.024443,0.000168,0.0,0.0,False,0.003951321428571428,-0.00042990079365079383,-0.004381222222222222
2024-04-30,0.024299,0.024457,0.000158,0.0,0.0,False,0.004047746031746032,-0.0003328492063492065,-0.004380595238095238
2024-05-01,0.024275,0.024846,0.000571,0.0,3.3e-05,True,0.004144075396825397,-0.00026725396825396844,-0.0044113293650793655
2024-05-02,0.024287,0.025047,0.00076,0.0,2.3e-05,True,0.004240452380952381,-0.00019086111111111132,-0.0044313134920634925
2024-05-03,0.024272,0.025382,0.00111,0.0,3.4e-05,True,0.004336769841269842,-0.0001241388888888891,-0.004460908730158731
2024-05-06,0.024271,0.025406,0.001135,0.0,4e-06,True,0.004433083333333334,-2.7321428571428784e-05,-0.004460404761904763
2024-05-07,0.024283,0.025419,0.001135,0.0,2e-06,True,0.004529444444444445,7.154761904761884e-05,-0.004457896825396827
2024-05-08,0.0243,0.025427,0.001127,0.0,0.0,False,0.004625873015873016,0.0001724484126984125,-0.004453424603174604
2024-05-09,0.024278,0.025422,0.001144,0.0,0.0,False,0.004722214285714286,0.0002733293650793649,-0.004448884920634921
2024-05-10,0.024289,0.025424,0.001136,0.0,0.0,False,0.004818599206349207,0.0003742182539682538,-0.004444380952380953
2024-05-13,0.02428,0.025422,0.001141,0.0,0.0,False,0.004914948412698413,0.0004750992063492062,-0.004439849206349207
2024-05-14,0.024288,0.025417,0.001128,0.0,0.0,False,0.005011329365079365,0.0005759603174603173,-0.004435369047619048
2024-05-15,0.024264,0.025404,0.00114,0.0,0.0,False,0.00510761507936508,0.0006767698412698411,-0.004430845238095239
2024-05-16,0.024298,0.025406,0.001109,0.0,0.0,False,0.005204035714285715,0.0007775873015873015,-0.004426448412698413
2024-05-17,0.024285,0.025407,0.001122,0.0,0.0,False,0.005300404761904762,0.00087840873015873,-0.004421996031746032
2024-05-20,0.024281,0.025408,0.001126,0.0,0.0,False,0.005396757936507937,0.0009792341269841268,-0.0044175238095238096
2024-05-21,0.024294,0.025409,0.001115,0.0,0.0,False,0.0054931626984126986,0.001080063492063492,-0.004413099206349207
2024-05-22,0.024275,0.025412,0.001137,0.0,0.0,False,0.005589492063492064,0.001180904761904762,-0.004408587301587302
2024-05-23,0.024298,0.025412,0.001114,0.0,0.0,False,0.005685912698412699,0.0012817460317460319,-0.004404166666666667
2024-05-24,0.02428,0.025411,0.00113,0.0,0.0,False,0.0057822619047619055,0.0013825833333333335,-0.004399678571428572
2024-05-28,0.024296,0.025419,0.001123,0.0,0.0,False,0.0058786746031746035,0.001483452380952381,-0.004395222222222222
2024-05-29,0.024294,0.025433,0.001139,0.0,0.0,False,0.0059750793650793655,0.0015843769841269843,-0.004390702380952381
2024-05-30,0.024275,0.025425,0.00115,0.0,0.0,False,0.006071408730158731,0.0016852698412698414,-0.004386138888888889
2024-05-31,0.024283,0.025419,0.001136,0.0,0.0,False,0.006167769841269842,0.001786138888888889,-0.004381630952380953
2024-06-03,0.024272,0.025409,0.001137,0.0,0.0,False,0.006264087301587303,0.0018869682539682541,-0.004377119047619048
2024-06-04,0.024283,0.025404,0.001121,0.0,0.0,False,0.006360448412698414,0.001987777777777778,-0.0043726706349206355
2024-06-05,0.024282,0.025395,0.001113,0.0,0.0,False,0.006456805555555557,0.0020885515873015877,-0.004368253968253969
2024-06-06,0.024288,0.025401,0.001113,0.0,0.0,False,0.006553186507936509,0.0021893492063492065,-0.004363837301587303
2024-06-07,0.024304,0.025419,0.001115,0.0,0.0,False,0.006649630952380953,0.002290218253968254,-0.004359412698412699
2024-06-10,0.024279,0.025414,0.001135,0.0,0.0,False,0.006745976190476191,0.0023910674603174606,-0.004354908730158731
2024-06-11,0.024296,0.025413,0.001117,0.0,0.0,False,0.006842388888888889,0.0024919126984126985,-0.004350476190476191
2024-06-12,0.024274,0.025396,0.001122,0.0,0.0,False,0.006938714285714286,0.0025926904761904763,-0.00434602380952381
2024-06-13,0.024277,0.025386,0.00111,0.0,0.0,False,0.007035051587301587,0.0026934285714285714,-0.004341623015873016
2024-06-14,0.024285,0.025383,0.001098,0.0,0.0,False,0.007131420634920635,0.002794154761904762,-0.004337265873015873
2024-06-17,0.024294,0.025389,0.001095,0.0,0.0,False,0.0072278253968253965,0.002894904761904762,-0.004332920634920634
2024-06-18,0.024282,0.025384,0.001103,0.0,0.0,False,0.007324182539682539,0.002995634920634921,-0.004328547619047619
2024-06-20,0.024284,0.025392,0.001108,0.0,0.0,False,0.007420547619047619,0.0030963968253968255,-0.004324150793650793
2024-06-21,0.024283,0.025388,0.001105,0.0,0.0,False,0.0075169087301587304,0.003197142857142857,-0.004319765873015873
2024-06-24,0.024276,0.025382,0.001106,0.0,0.0,False,0.007613242063492064,0.0032978650793650793,-0.004315376984126985
2024-06-25,0.024292,0.025383,0.001091,0.0,0.0,False,0.007709638888888889,0.00339859126984127,-0.004311047619047619
2024-06-26,0.024294,0.025396,0.001102,0.0,0.0,False,0.007806043650793651,0.0034993690476190476,-0.004306674603174604
2024-06-27,0.024283,0.025389,0.001107,0.0,0.0,False,0.007902404761904762,0.0036001190476190477,-0.004302285714285713
2024-06-28,0.024297,0.025403,0.001106,0.0,0.0,False,0.007998821428571428,0.003700924603174603,-0.0042978968253968245
2024-07-01,0.024298,0.025416,0.001118,0.0,0.0,False,0.008095242063492063,0.003801781746031746,-0.004293460317460317
2024-07-02,0.024281,0.025414,0.001133,0.0,0.0,False,0.008191595238095237,0.0039026309523809526,-0.004288964285714285
2024-07-03,0.02427,0.025402,0.001132,0.0,0.0,False,0.008287904761904762,0.0040034325396825395,-0.0042844722222222225
2024-07-04,0.02429,0.025395,0.001105,0.0,0.0,False,0.008384293650793651,0.004104206349206349,-0.004280087301587302
2024-07-05,0.024283,0.025392,0.00111,0.0,0.0,False,0.008480654761904762,0.0042049682539682534,-0.004275686507936509
2024-07-08,0.024287,0.025391,0.001104,0.0,0.0,False,0.008577031746031746,0.00430572619047619,-0.004271305555555556
2024-07-09,0.024286,0.025398,0.001112,0.0,0.0,False,0.00867340476190476,0.004406511904761904,-0.004266892857142856
2024-07-10,0.02428,0.025391,0.00111,0.0,0.0,False,0.008769753968253967,0.004507269841269841,-0.004262484126984126
2024-07-11,0.024286,0.02539,0.001104,0.0,0.0,False,0.008866126984126983,0.004608023809523809,-0.004258103174603174
2024-07-12,0.024292,0.025388,0.001096,0.0,0.0,False,0.008962523809523809,0.004708769841269841,-0.004253753968253968
2024-07-15,0.024277,0.025383,0.001106,0.0,0.0,False,0.009058861111111111,0.004809496031746031,-0.00424936507936508
2024-07-16,0.024287,0.025381,0.001094,0.0,0.0,False,0.009155238095238095,0.004910214285714285,-0.00424502380952381
2024-07-17,0.02429,0.025387,0.001097,0.0,0.0,False,0.009251626984126984,0.005010956349206348,-0.004240670634920635
2024-07-18,0.024289,0.02539,0.001101,0.0,0.0,False,0.009348011904761904,0.005111710317460317,-0.004236301587301587
2024-07-19,0.024284,0.025388,0.001104,0.0,0.0,False,0.009444376984126984,0.005212456349206349,-0.004231920634920635
2024-07-22,0.02429,0.025389,0.001099,0.0,0.0,False,0.009540765873015873,0.005313206349206349,-0.004227559523809524
2024-07-23,0.02429,0.025395,0.001105,0.0,0.0,False,0.009637154761904762,0.005413980158730158,-0.004223174603174604
2024-07-24,0.02428,0.02539,0.001111,0.0,0.0,False,0.009733503968253968,0.005514734126984127,-0.004218769841269841
2024-07-25,0.024279,0.025382,0.001103,0.0,0.0,False,0.009829849206349205,0.005615456349206349,-0.004214392857142856
2024-07-26,0.024283,0.025386,0.001104,0.0,0.0,False,0.009926210317460316,0.005716194444444445,-0.0042100158730158715
2024-07-29,0.024285,0.025383,0.001098,0.0,0.0,False,0.010022579365079365,0.005816920634920635,-0.00420565873015873
2024-07-30,0.024272,0.02537,0.001099,0.0,0.0,False,0.010118896825396824,0.005917595238095238,-0.004201301587301586
2024-07-31,0.024283,0.025366,0.001083,0.0,0.0,False,0.010215257936507936,0.006018253968253969,-0.004197003968253967
2024-08-01,0.024276,0.025344,0.001067,0.0,0.0,False,0.01031159126984127,0.006118825396825397,-0.0041927658730158725
2024-08-02,0.024287,0.025341,0.001054,0.0,0.0,False,0.010407968253968253,0.00621938492063492,-0.004188583333333332
2024-08-05,0.024286,0.025353,0.001066,0.0,0.0,False,0.010504341269841268,0.006319992063492063,-0.004184349206349205
2024-08-06,0.024295,0.025362,0.001067,0.0,0.0,False,0.010600749999999997,0.0064206349206349204,-0.004180115079365077
2024-08-07,0.024285,0.02537,0.001086,0.0,0.0,False,0.010697119047619046,0.006521309523809524,-0.004175809523809522
2024-08-08,0.024279,0.025361,0.001082,0.0,0.0,False,0.010793464285714283,0.006621948412698413,-0.00417151587301587
2024-08-09,0.024282,0.02535,0.001068,0.0,0.0,False,0.010889821428571426,0.006722543650793651,-0.004167277777777775
2024-08-12,0.024287,0.025342,0.001055,0.0,0.0,False,0.01098619841269841,0.006823107142857143,-0.004163091269841266
2024-08-13,0.024282,0.025345,0.001063,0.0,0.0,False,0.011082555555555552,0.0069236825396825396,-0.0041588730158730125
2024-08-14,0.024286,0.025354,0.001068,0.0,0.0,False,0.011178928571428569,0.007024293650793651,-0.004154634920634918
2024-08-15,0.024283,0.025347,0.001064,0.0,0.0,False,0.01127528968253968,0.007124876984126984,-0.004150412698412696
2024-08-16,0.024283,0.025341,0.001058,0.0,0.0,False,0.011371650793650791,0.007225436507936508,-0.0041462142857142835
2024-08-19,0.024277,0.025325,0.001048,0.0,0.0,False,0.011467988095238094,0.007325932539682539,-0.004142055555555554
2024-08-20,0.024286,0.025329,0.001043,0.0,0.0,False,0.011564361111111109,0.007426444444444444,-0.004137916666666665
2024-08-21,0.024283,0.025331,0.001047,0.0,0.0,False,0.01166072222222222,0.007526964285714285,-0.004133757936507935
2024-08-22,0.024284,0.025333,0.001049,0.0,0.0,False,0.0117570873015873,0.007627492063492063,-0.004129595238095237
2024-08-23,0.024285,0.02533,0.001045,0.0,0.0,False,0.011853456349206348,0.007728007936507936,-0.004125448412698412
2024-08-26,0.02429,0.025331,0.001041,0.0,0.0,False,0.011949845238095237,0.007828527777777776,-0.004121317460317461
2024-08-27,0.024285,0.025336,0.001051,0.0,0.0,False,0.012046214285714285,0.00792906746031746,-0.004117146825396826
2024-08-28,0.024286,0.025337,0.001051,0.0,0.0,False,0.0121425873015873,0.00802961111111111,-0.0041129761904761895
2024-08-29,0.024292,0.025343,0.001052,0.0,0.0,False,0.012238984126984126,0.008130178571428571,-0.004108805555555555
2024-08-30,0.024282,0.025337,0.001054,0.0,0.0,False,0.012335341269841269,0.008230722222222223,-0.004104619047619046
2024-09-03,0.02428,0.025328,0.001048,0.0,0.0,False,0.012431690476190475,0.00833123015873016,-0.004100460317460315
2024-09-04,0.02428,0.025322,0.001042,0.0,0.0,False,0.01252803968253968,0.008431714285714287,-0.004096325396825393
2024-09-05,0.02429,0.025326,0.001036,0.0,0.0,False,0.01262442857142857,0.008532214285714287,-0.004092214285714282
2024-09-06,0.024281,0.025322,0.001042,0.0,0.0,False,0.012720781746031744,0.008632698412698415,-0.004088083333333329
2024-09-09,0.024285,0.025322,0.001037,0.0,0.0,False,0.012817150793650792,0.008733182539682543,-0.0040839682539682495
2024-09-10,0.024287,0.025323,0.001036,0.0,0.0,False,0.012913527777777776,0.008833670634920637,-0.0040798571428571385
2024-09-11,0.024283,0.025318,0.001036,0.0,0.0,False,0.013009888888888887,0.00893413888888889,-0.004075749999999996
2024-09-12,0.024282,0.025316,0.001034,0.0,0.0,False,0.01310624603174603,0.009034599206349208,-0.004071646825396822
2024-09-13,0.024284,0.025316,0.001032,0.0,0.0,False,0.01320261111111111,0.009135059523809524,-0.004067551587301585
2024-09-16,0.024283,0.025314,0.001031,0.0,0.0,False,0.01329897222222222,0.009235511904761906,-0.004063460317460315
2024-09-17,0.024294,0.025321,0.001027,0.0,0.0,False,0.013395376984126982,0.009335992063492065,-0.0040593849206349165
2024-09-18,0.024282,0.02532,0.001037,0.0,0.0,False,0.013491734126984125,0.009436468253968256,-0.0040552658730158685
2024-09-19,0.024286,0.025322,0.001036,0.0,0.0,False,0.013588107142857141,0.009536952380952384,-0.0040511547619047576
2024-09-20,0.024282,0.025314,0.001032,0.0,0.0,False,0.013684464285714284,0.009637404761904765,-0.004047059523809519
2024-09-23,0.024291,0.024692,0.000401,0.0,0.000111,True,0.013780857142857142,0.009624388888888892,-0.004156468253968249
2024-09-24,0.02429,0.024703,0.000414,0.0,1e-06,True,0.01387724603174603,0.00972141666666667,-0.004155829365079361
2024-09-25,0.024284,0.024705,0.000421,0.0,2e-06,True,0.01397361111111111,0.009817452380952385,-0.004156158730158725
2024-09-26,0.024279,0.024705,0.000426,0.0,1e-06,True,0.014069956349206348,0.0099144880952381,-0.004155468253968248
2024-09-27,0.024287,0.024715,0.000428,0.0,1e-06,True,0.014166333333333331,0.010011563492063497,-0.004154769841269834
2024-09-30,0.024278,0.024699,0.000421,0.0,2e-06,True,0.014262674603174602,0.010107575396825401,-0.0041550992063492005
2024-10-01,0.024294,0.024703,0.000409,0.0,1e-06,True,0.014359079365079363,0.010204603174603179,-0.004154476190476184
2024-10-02,0.024286,0.024705,0.000419,0.0,1e-06,True,0.014455452380952378,0.010301638888888893,-0.004153813492063485
2024-10-03,0.024286,0.024723,0.000437,0.0,2e-06,True,0.014551825396825393,0.010397746031746036,-0.004154079365079357
2024-10-04,0.024294,0.024727,0.000432,0.0,1e-06,True,0.014648230158730154,0.010494869047619051,-0.0041533611111111025
2024-10-07,0.024286,0.024737,0.000451,0.0,5e-06,True,0.01474460317460317,0.01058803174603175,-0.004156571428571421
2024-10-08,0.024292,0.024762,0.00047,0.0,2e-06,True,0.014840999999999997,0.010684293650793654,-0.004156706349206342
2024-10-09,0.024289,0.024768,0.000479,0.0,2e-06,True,0.014937384920634917,0.010780579365079368,-0.004156805555555549
2024-10-10,0.024287,0.024779,0.000492,0.0,2e-06,True,0.0150337619047619,0.010876908730158733,-0.004156853174603167
2024-10-11,0.024274,0.02478,0.000506,0.0,1e-06,True,0.015130087301587297,0.010974242063492066,-0.004155845238095231
2024-10-15,0.024284,0.024772,0.000488,0.0,4e-06,True,0.015226452380952377,0.011068543650793653,-0.0041579087301587235
2024-10-16,0.024292,0.024758,0.000466,0.0,5e-06,True,0.015322849206349203,0.011161789682539685,-0.004161059523809518
2024-10-17,0.024285,0.024762,0.000477,0.0,1e-05,True,0.015419218253968251,0.01125005158730159,-0.004169166666666661
2024-10-18,0.024299,0.024852,0.000554,0.0,1.1e-05,True,0.015515642857142855,0.011337670634920638,-0.004177972222222217
2024-10-21,0.024287,0.024965,0.000678,0.0,2.3e-05,True,0.015612019841269838,0.011413738095238098,-0.00419828174603174
2024-10-22,0.024288,0.02497,0.000681,0.0,0.0,False,0.015708400793650792,0.0115128253968254,-0.004195575396825392
2024-10-23,0.024281,0.024965,0.000684,0.0,0.0,False,0.015804753968253968,0.01161189285714286,-0.004192861111111107
2024-10-24,0.024287,0.02496,0.000673,0.0,0.0,False,0.01590113095238095,0.011710940476190479,-0.004190190476190472
2024-10-25,0.02429,0.024965,0.000675,0.0,0.0,False,0.01599751984126984,0.01181000793650794,-0.0041875119047619005
2024-10-28,0.024279,0.024958,0.000678,0.0,0.0,False,0.01609386507936508,0.011909047619047623,-0.004184817460317456
2024-10-29,0.024289,0.024962,0.000673,0.0,0.0,False,0.01619025,0.012008103174603178,-0.0041821468253968215
2024-10-30,0.024288,0.02497,0.000682,0.0,0.0,False,0.016286630952380952,0.01210719047619048,-0.004179440476190472
2024-10-31,0.024298,0.024984,0.000686,0.0,0.0,False,0.016383051587301585,0.012206333333333336,-0.004176718253968249
2024-11-01,0.024275,0.024972,0.000697,0.0,0.0,False,0.01647938095238095,0.012305428571428575,-0.004173952380952375
2024-11-04,0.024282,0.024967,0.000684,0.0,0.0,False,0.016575738095238095,0.01240450396825397,-0.004171234126984124
2024-11-05,0.024303,0.024987,0.000684,0.0,0.0,False,0.01667217857142857,0.012503658730158733,-0.0041685198412698375
2024-11-06,0.024272,0.024974,0.000703,0.0,0.0,False,0.01676849603174603,0.012602761904761908,-0.004165734126984122
2024-11-07,0.024282,0.024968,0.000686,0.0,0.0,False,0.016864853174603175,0.012701841269841273,-0.004163011904761902
2024-11-08,0.024297,0.024983,0.000686,0.0,0.0,False,0.016961269841269843,0.012800980158730161,-0.004160289682539682
2024-11-12,0.024291,0.024993,0.000702,0.0,0.0,False,0.0170576626984127,0.012900158730158732,-0.004157503968253968
2024-11-13,0.024282,0.024989,0.000707,0.0,0.0,False,0.017154019841269845,0.012999321428571431,-0.004154698412698414
2024-11-14,0.024284,0.024991,0.000707,0.0,0.0,False,0.017250384920634923,0.013098492063492066,-0.0041518928571428575
2024-11-15,0.024285,0.024989,0.000704,0.0,0.0,False,0.01734675396825397,0.013197654761904765,-0.004149099206349205
2024-11-18,0.024285,0.024989,0.000704,0.0,0.0,False,0.017443123015873016,0.013296817460317464,-0.004146305555555552
2024-11-19,0.024285,0.024989,0.000704,0.0,0.0,False,0.017539492063492063,0.013395980158730163,-0.0041435119047619
2024-11-20,0.024285,0.024989,0.000703,0.0,0.0,False,0.01763586111111111,0.013495142857142862,-0.004140718253968247
2024-11-21,0.024283,0.024985,0.000702,0.0,0.0,False,0.01773222222222222,0.013594289682539687,-0.004137932539682532
2024-11-22,0.024274,0.024971,0.000697,0.0,0.0,False,0.017828547619047615,0.013693380952380957,-0.0041351666666666585
2024-11-25,0.024293,0.024977,0.000684,0.0,0.0,False,0.01792494841269841,0.013792496031746036,-0.004132452380952374
2024-11-26,0.02428,0.024968,0.000689,0.0,0.0,False,0.018021297619047617,0.0138915753968254,-0.004129722222222217
2024-11-27,0.024277,0.024954,0.000677,0.0,0.0,False,0.01811763492063492,0.01399059920634921,-0.00412703571428571
2024-11-29,0.024283,0.024955,0.000672,0.0,0.0,False,0.01821399603174603,0.014089626984126987,-0.004124369047619042
2024-12-02,0.024291,0.024961,0.00067,0.0,0.0,False,0.018310388888888886,0.014188678571428574,-0.004121710317460312
2024-12-03,0.024283,0.024961,0.000678,0.0,0.0,False,0.018406749999999996,0.014287730158730161,-0.004119019841269835
2024-12-04,0.024289,0.024968,0.000679,0.0,0.0,False,0.018503134920634916,0.014386809523809526,-0.004116325396825391
2024-12-05,0.024282,0.024962,0.00068,0.0,0.0,False,0.01859949206349206,0.014485865079365081,-0.00411362698412698
2024-12-06,0.024295,0.024969,0.000674,0.0,0.0,False,0.018695900793650792,0.014584948412698414,-0.004110952380952378
2024-12-09,0.024283,0.024974,0.000691,0.0,0.0,False,0.018792261904761902,0.01468405158730159,-0.0041082103174603125
2024-12-10,0.024285,0.024973,0.000688,0.0,0.0,False,0.01888863095238095,0.014783150793650796,-0.004105480158730152
2024-12-11,0.024294,0.02498,0.000686,0.0,0.0,False,0.01898503571428571,0.01488227777777778,-0.0041027579365079305
2024-12-12,0.024296,0.024991,0.000695,0.0,0.0,False,0.01908144841269841,0.014981448412698415,-0.004099999999999996
2024-12-13,0.024285,0.024991,0.000706,0.0,0.0,False,0.019177817460317458,0.01508061904761905,-0.004097198412698408
2024-12-16,0.024286,0.024991,0.000705,0.0,0.0,False,0.019274190476190473,0.015179789682539684,-0.004094400793650789
2024-12-17,0.024309,0.025007,0.000698,0.0,0.0,False,0.01937065476190476,0.01527902380952381,-0.004091630952380949
2024-12-18,0.024296,0.025021,0.000725,0.0,0.0,False,0.01946706746031746,0.015378313492063492,-0.004088753968253967
2024-12-19,0.02428,0.025012,0.000732,0.0,0.0,False,0.019563416666666666,0.01547756746031746,-0.004085849206349206
2024-12-20,0.024291,0.025021,0.00073,0.0,0.0,False,0.019659809523809524,0.015576857142857142,-0.0040829523809523816
2024-12-23,0.024285,0.025019,0.000734,0.0,0.0,False,0.01975617857142857,0.01567613888888889,-0.004080039682539682
2024-12-24,0.024288,0.02502,0.000732,0.0,0.0,False,0.019852559523809522,0.015775424603174604,-0.004077134920634919
2024-12-26,0.024281,0.025026,0.000745,0.0,0.0,False,0.0199489126984127,0.015874734126984126,-0.004074178571428572
2024-12-27,0.024284,0.025018,0.000734,0.0,0.0,False,0.020045277777777776,0.015974011904761904,-0.004071265873015872
2024-12-30,0.024288,0.025025,0.000737,0.0,0.0,False,0.02014165873015873,0.016073317460317458,-0.0040683412698412705
2024-12-31,0.024284,0.025021,0.000737,0.0,0.0,False,0.020238023809523806,0.01617260714285714,-0.004065416666666665
2025-01-02,0.024289,0.025027,0.000738,0.0,0.0,False,0.020334408730158727,0.016271920634920632,-0.004062488095238095
2025-01-03,0.02429,0.025033,0.000743,0.0,0.0,False,0.020430797619047616,0.016371257936507934,-0.004059539682539682
2025-01-06,0.024292,0.025041,0.000749,0.0,0.0,False,0.02052719444444444,0.01647062698412698,-0.004056567460317462
2025-01-07,0.024289,0.025042,0.000752,0.0,0.0,False,0.020623579365079362,0.016569999999999994,-0.004053579365079368
2025-01-08,0.024286,0.025043,0.000757,0.0,0.0,False,0.020719952380952377,0.016669376984126977,-0.0040505753968254
2025-01-09,0.024294,0.025051,0.000757,0.0,0.0,False,0.02081635714285714,0.01676878571428571,-0.004047571428571432
2025-01-10,0.024289,0.025053,0.000764,0.0,0.0,False,0.02091274206349206,0.016868202380952376,-0.004044539682539684
2025-01-13,0.024286,0.025055,0.000769,0.0,0.0,False,0.021009115079365075,0.01696762698412698,-0.0040414880952380945
2025-01-14,0.024267,0.025034,0.000766,0.0,0.0,False,0.021105412698412693,0.01706696825396825,-0.004038444444444442
2025-01-15,0.024281,0.025028,0.000746,0.0,0.0,False,0.02120176587301587,0.01716628571428571,-0.0040354801587301585
2025-01-16,0.024285,0.025029,0.000744,0.0,0.0,False,0.021298134920634915,0.017265607142857138,-0.004032527777777777
2025-01-17,0.02428,0.02502,0.000741,0.0,0.0,False,0.021394484126984123,0.017364892857142853,-0.00402959126984127
2025-01-21,0.024289,0.025024,0.000735,0.0,0.0,False,0.021490869047619043,0.017464194444444442,-0.0040266746031746015
2025-01-22,0.024287,0.025029,0.000742,0.0,0.0,False,0.021587246031746027,0.01756351587301587,-0.004023730158730157
2025-01-23,0.024285,0.025025,0.000739,0.0,0.0,False,0.021683615079365073,0.017662821428571424,-0.00402079365079365
2025-01-24,0.024272,0.025014,0.000741,0.0,0.0,False,0.021779932539682533,0.017762083333333328,-0.0040178492063492055
2025-01-27,0.024284,0.025012,0.000728,0.0,0.0,False,0.02187629761904761,0.017861337301587295,-0.004014960317460316
2025-01-28,0.024286,0.025012,0.000726,0.0,0.0,False,0.021972670634920626,0.017960591269841262,-0.004012079365079364
2025-01-29,0.024278,0.025,0.000722,0.0,0.0,False,0.022069011904761897,0.01805979761904761,-0.004009214285714286
2025-01-30,0.024291,0.025005,0.000714,0.0,0.0,False,0.022165404761904754,0.018159023809523802,-0.004006380952380952
2025-01-31,0.024288,0.025008,0.000721,0.0,0.0,False,0.022261785714285706,0.0182582619047619,-0.0040035238095238075
2025-02-03,0.024279,0.024999,0.00072,0.0,0.0,False,0.022358130952380945,0.01835746428571428,-0.004000666666666666
2025-02-04,0.024278,0.024985,0.000707,0.0,0.0,False,0.022454472222222216,0.018456611111111104,-0.003997861111111112
2025-02-05,0.024288,0.024988,0.0007,0.0,0.0,False,0.022550853174603168,0.018555769841269835,-0.003995083333333333
2025-02-06,0.024292,0.024996,0.000704,0.0,0.0,False,0.022647249999999994,0.01865496031746031,-0.003992289682539684
2025-02-07,0.024284,0.024996,0.000712,0.0,0.0,False,0.022743615079365072,0.018754150793650785,-0.003989464285714287
2025-02-10,0.024289,0.025,0.000711,0.0,0.0,False,0.022839999999999992,0.018853357142857134,-0.003986642857142859
2025-02-11,0.024293,0.025012,0.000719,0.0,0.0,False,0.022936400793650787,0.0189526111111111,-0.003983789682539686
2025-02-12,0.024275,0.024997,0.000722,0.0,0.0,False,0.023032730158730152,0.019051805555555544,-0.003980924603174608
2025-02-13,0.024278,0.02499,0.000712,0.0,0.0,False,0.023129071428571422,0.01915097222222221,-0.003978099206349211
2025-02-14,0.024293,0.025,0.000707,0.0,0.0,False,0.023225472222222217,0.01925017857142856,-0.003975293650793656
2025-02-18,0.024286,0.024999,0.000713,0.0,0.0,False,0.023321845238095232,0.01934938095238094,-0.003972464285714291
2025-02-19,0.024282,0.024993,0.000712,0.0,0.0,False,0.023418202380952376,0.019448559523809514,-0.0039696428571428626
2025-02-20,0.024278,0.024986,0.000707,0.0,0.0,False,0.023514543650793647,0.019547710317460307,-0.00396683333333334
2025-02-21,0.024284,0.024981,0.000697,0.0,0.0,False,0.023610908730158725,0.01964684126984126,-0.003964067460317466
2025-02-24,0.024275,0.024967,0.000692,0.0,0.0,False,0.02370723809523809,0.019745916666666655,-0.003961321428571436
2025-02-25,0.024278,0.024964,0.000686,0.0,0.0,False,0.02380357936507936,0.019844980158730145,-0.003958599206349216
2025-02-26,0.02429,0.024968,0.000678,0.0,0.0,False,0.02389996825396825,0.01994405952380951,-0.00395590873015874
2025-02-27,0.024283,0.024964,0.000681,0.0,0.0,False,0.02399632936507936,0.020043123015873,-0.003953206349206359
2025-02-28,0.02428,0.024952,0.000672,0.0,0.0,False,0.024092678571428567,0.020142138888888873,-0.003950539682539694
2025-03-03,0.024298,0.024968,0.00067,0.0,0.0,False,0.0241890992063492,0.020241218253968237,-0.003947880952380963
2025-03-04,0.02429,0.024972,0.000682,0.0,0.0,False,0.02428548809523809,0.020340313492063476,-0.003945174603174614
2025-03-05,0.02429,0.02498,0.00069,0.0,0.0,False,0.024381876984126978,0.02043944047619046,-0.00394243650793652
2025-03-06,0.024285,0.024981,0.000696,0.0,0.0,False,0.024478246031746025,0.02053857142857141,-0.003939674603174615
2025-03-07,0.02428,0.024975,0.000695,0.0,0.0,False,0.024574595238095232,0.020637678571428553,-0.003936916666666679
2025-03-10,0.024294,0.024987,0.000693,0.0,0.0,False,0.024670999999999995,0.020736833333333315,-0.0039341666666666796
2025-03-11,0.024287,0.024988,0.000701,0.0,0.0,False,0.02476737698412698,0.020835992063492046,-0.0039313849206349324
2025-03-12,0.024282,0.024983,0.0007,0.0,0.0,False,0.024863734126984123,0.020935130952380934,-0.003928603174603189
2025-03-13,0.024288,0.024985,0.000696,0.0,0.0,False,0.024960115079365075,0.02103427777777776,-0.003925837301587316
2025-03-14,0.024288,0.024983,0.000695,0.0,0.0,False,0.025056496031746027,0.021133416666666648,-0.003923079365079379
2025-03-17,0.024282,0.02498,0.000699,0.0,0.0,False,0.02515285317460317,0.02123254365079363,-0.003920309523809541
2025-03-18,0.024279,0.024975,0.000696,0.0,0.0,False,0.02524919841269841,0.021331650793650774,-0.0039175476190476365
2025-03-19,0.024285,0.024973,0.000687,0.0,0.0,False,0.025345567460317457,0.02143074999999998,-0.003914817460317476
2025-03-20,0.024287,0.024974,0.000688,0.0,0.0,False,0.02544194444444444,0.021529853174603156,-0.003912091269841284
2025-03-21,0.024294,0.024988,0.000693,0.0,0.0,False,0.025538349206349203,0.021629011904761887,-0.0039093373015873165
2025-03-24,0.024283,0.024985,0.000702,0.0,0.0,False,0.025634710317460313,0.021728158730158712,-0.003906551587301601
2025-03-25,0.024292,0.024991,0.000699,0.0,0.0,False,0.02573110714285714,0.021827329365079348,-0.0039037777777777907
2025-03-26,0.024287,0.024992,0.000705,0.0,0.0,False,0.025827484126984122,0.021926503968253953,-0.0039009801587301697
2025-03-27,0.024271,0.024976,0.000705,0.0,0.0,False,0.025923797619047614,0.022025615079365065,-0.0038981825396825487
2025-03-28,0.024283,0.024975,0.000692,0.0,0.0,False,0.026020158730158723,0.02212472222222221,-0.0038954365079365144
2025-03-31,0.024282,0.02497,0.000688,0.0,0.0,False,0.026116515873015868,0.02222380952380951,-0.0038927063492063575
2025-04-01,0.024277,0.024962,0.000685,0.0,0.0,False,0.02621285317460317,0.022322865079365067,-0.0038899880952381026
2025-04-02,0.024283,0.024959,0.000675,0.0,0.0,False,0.02630921428571428,0.02242190873015872,-0.0038873055555555605
2025-04-03,0.024288,0.024958,0.00067,0.0,0.0,False,0.02640559523809523,0.022520948412698402,-0.0038846468253968293
2025-04-04,0.024306,0.024985,0.000679,0.0,0.0,False,0.026502047619047613,0.022620095238095227,-0.0038819523809523852
2025-04-07,0.024305,0.025008,0.000703,0.0,0.0,False,0.026598496031746025,0.022719333333333324,-0.003879162698412701
2025-04-08,0.024282,0.025001,0.000718,0.0,0.0,False,0.02669485317460317,0.02281854365079364,-0.0038763095238095284
2025-04-09,0.024294,0.025016,0.000722,0.0,0.0,False,0.026791257936507933,0.022917813492063482,-0.00387344444444445
2025-04-10,0.024297,0.025022,0.000724,0.0,0.0,False,0.0268876746031746,0.023017107142857134,-0.0038705674603174665
2025-04-11,0.024273,0.025006,0.000733,0.0,0.0,False,0.02698399603174603,0.023116337301587294,-0.003867658730158735
2025-04-14,0.024285,0.025001,0.000716,0.0,0.0,False,0.027080365079365076,0.02321554761904761,-0.0038648174603174643
2025-04-15,0.024282,0.024993,0.00071,0.0,0.0,False,0.02717672222222222,0.023314726190476184,-0.003861996031746036
2025-04-16,0.024286,0.024997,0.000711,0.0,0.0,False,0.027273095238095235,0.023413920634920628,-0.0038591746031746074
2025-04-17,0.024302,0.025015,0.000713,0.0,0.0,False,0.027369531746031742,0.0235131865079365,-0.003856345238095242
2025-04-21,0.024283,0.025009,0.000726,0.0,0.0,False,0.027465892857142852,0.023612428571428565,-0.0038534642857142865
2025-04-22,0.02428,0.025006,0.000726,0.0,0.0,False,0.02756224206349206,0.023711658730158725,-0.0038505833333333343
2025-04-23,0.024275,0.024991,0.000716,0.0,0.0,False,0.027658571428571425,0.02381082936507936,-0.0038477420634920635
2025-04-24,0.024275,0.024978,0.000703,0.0,0.0,False,0.02775490079365079,0.02390994841269841,-0.0038449523809523795
2025-04-25,0.024285,0.024973,0.000689,0.0,0.0,False,0.027851269841269836,0.024009047619047617,-0.003842222222222219
2025-04-28,0.024285,0.024974,0.000689,0.0,0.0,False,0.027947638888888883,0.024108150793650793,-0.0038394880952380903
2025-04-29,0.024288,0.024981,0.000694,0.0,0.0,False,0.028044019841269835,0.024207281746031744,-0.003836738095238091
2025-04-30,0.024289,0.024986,0.000697,0.0,0.0,False,0.028140404761904755,0.024306432539682538,-0.003833972222222218
2025-05-01,0.024287,0.024989,0.000702,0.0,0.0,False,0.02823678174603174,0.024405595238095237,-0.003831186507936502
2025-05-02,0.024289,0.024992,0.000703,0.0,0.0,False,0.02833316666666666,0.02450476984126984,-0.003828396825396818
2025-05-05,0.024282,0.024986,0.000704,0.0,0.0,False,0.028429523809523804,0.024603920634920635,-0.003825603174603169
2025-05-06,0.02428,0.02498,0.000701,0.0,0.0,False,0.02852587301587301,0.024703047619047618,-0.003822825396825394
2025-05-07,0.024292,0.024988,0.000696,0.0,0.0,False,0.028622269841269837,0.024802206349206348,-0.003820063492063489
2025-05-08,0.024283,0.024985,0.000702,0.0,0.0,False,0.028718630952380947,0.024901353174603173,-0.0038172777777777736
2025-05-09,0.024289,0.024994,0.000705,0.0,0.0,False,0.028815015873015867,0.02500053571428571,-0.003814480158730156
2025-05-12,0.024288,0.024993,0.000705,0.0,0.0,False,0.02891139682539682,0.025099714285714284,-0.003811682539682535
2025-05-13,0.02429,0.024999,0.000709,0.0,0.0,False,0.029007785714285708,0.025198916666666665,-0.0038088690476190436
2025-05-14,0.024276,0.024987,0.000711,0.0,0.0,False,0.029104119047619042,0.025298071428571427,-0.003806047619047615
2025-05-15,0.024286,0.024987,0.000701,0.0,0.0,False,0.029200492063492057,0.02539722619047619,-0.003803265873015868
2025-05-16,0.024284,0.024985,0.000701,0.0,0.0,False,0.029296857142857135,0.025496373015873014,-0.003800484126984121
2025-05-19,0.024288,0.024987,0.0007,0.0,0.0,False,0.029393238095238087,0.025595527777777776,-0.003797710317460311
2025-05-20,0.0243,0.025009,0.000709,0.0,0.0,False,0.029489666666666657,0.02569476984126984,-0.003794896825396816
2025-05-21,0.02428,0.024998,0.000718,0.0,0.0,False,0.029586015873015865,0.025793968253968253,-0.0037920476190476116
2025-05-22,0.024284,0.024996,0.000712,0.0,0.0,False,0.029682380952380943,0.025893158730158728,-0.0037892222222222147
2025-05-23,0.024276,0.024985,0.000709,0.0,0.0,False,0.029778714285714276,0.025992305555555553,-0.003786408730158723
2025-05-27,0.024285,0.024986,0.0007,0.0,0.0,False,0.029875083333333323,0.026091456349206347,-0.003783626984126976
2025-05-28,0.024278,0.024977,0.000699,0.0,0.0,False,0.029971424603174594,0.026190571428571428,-0.003780853174603166
2025-05-29,0.02428,0.024977,0.000697,0.0,0.0,False,0.0300677738095238,0.02628968650793651,-0.0037780873015872928
2025-05-30,0.02429,0.024982,0.000692,0.0,0.0,False,0.03016416269841269,0.026388821428571428,-0.003775341269841262
2025-06-02,0.024288,0.024984,0.000696,0.0,0.0,False,0.030260543650793642,0.026487964285714285,-0.0037725793650793572
2025-06-03,0.024278,0.02497,0.000692,0.0,0.0,False,0.030356884920634913,0.026587051587301586,-0.0037698333333333264
2025-06-04,0.024292,0.024973,0.000682,0.0,0.0,False,0.03045328174603174,0.026686150793650793,-0.0037671309523809454
2025-06-05,0.024295,0.024988,0.000693,0.0,0.0,False,0.03054969047619047,0.026785309523809524,-0.003764380952380946
2025-06-06,0.024281,0.024982,0.000701,0.0,0.0,False,0.030646043650793646,0.026884444444444443,-0.0037615992063492025
2025-06-09,0.024281,0.024967,0.000686,0.0,0.0,False,0.030742396825396822,0.02698351984126984,-0.0037588769841269826
2025-06-10,0.02428,0.02496,0.00068,0.0,0.0,False,0.03083874603174603,0.02708256746031746,-0.00375617857142857
2025-06-11,0.024279,0.024953,0.000673,0.0,0.0,False,0.03093509126984127,0.0271815873015873,-0.0037535039682539684
2025-06-12,0.024289,0.024957,0.000668,0.0,0.0,False,0.03103147619047619,0.027280623015873015,-0.003750853174603174
2025-06-13,0.024289,0.024962,0.000673,0.0,0.0,False,0.03112786111111111,0.027379678571428572,-0.0037481825396825375
2025-06-16,0.024281,0.024954,0.000673,0.0,0.0,False,0.031224214285714286,0.02747870238095238,-0.0037455119047619043
2025-06-17,0.024285,0.024955,0.000671,0.0,0.0,False,0.03132058333333333,0.02757773015873016,-0.003742853174603173
2025-06-18,0.024283,0.024951,0.000668,0.0,0.0,False,0.03141694444444444,0.027676742063492063,-0.0037402023809523788
2025-06-20,0.024285,0.024948,0.000664,0.0,0.0,False,0.03151331349206349,0.02777574206349206,-0.003737571428571427
2025-06-23,0.024278,0.02494,0.000662,0.0,0.0,False,0.031609654761904755,0.027874710317460315,-0.00373494444444444
2025-06-24,0.024286,0.02494,0.000654,0.0,0.0,False,0.03170602777777777,0.02797367857142857,-0.003732349206349201
2025-06-25,0.02428,0.024932,0.000652,0.0,0.0,False,0.031802376984126975,0.028072615079365076,-0.003729761904761899
2025-06-26,0.024287,0.024937,0.000649,0.0,0.0,False,0.03189875396825396,0.028171571428571424,-0.003727182539682534
2025-06-27,0.024279,0.024925,0.000645,0.0,0.0,False,0.031995099206349194,0.028270480158730155,-0.003724619047619039
2025-06-30,0.024286,0.024925,0.000639,0.0,0.0,False,0.03209147222222221,0.028369388888888885,-0.0037220833333333238
2025-07-01,0.024288,0.024929,0.000641,0.0,0.0,False,0.03218785317460316,0.02846831349206349,-0.0037195396825396715
2025-07-02,0.024287,0.024936,0.000648,0.0,0.0,False,0.032284230158730144,0.02856726587301587,-0.003716964285714275
2025-07-03,0.024295,0.024946,0.000651,0.0,0.0,False,0.032380638888888875,0.028666257936507934,-0.0037143809523809412
2025-07-07,0.024288,0.024951,0.000663,0.0,0.0,False,0.03247701984126983,0.028765269841269838,-0.0037117499999999894
2025-07-08,0.024277,0.024942,0.000665,0.0,0.0,False,0.032573357142857126,0.02886424603174603,-0.003709111111111097
2025-07-09,0.024286,0.024943,0.000658,0.0,0.0,False,0.03266973015873014,0.02896322619047619,-0.0037065039682539526
2025-07-10,0.024294,0.024952,0.000659,0.0,0.0,False,0.032766134920634904,0.02906224206349206,-0.003703892857142843
2025-07-11,0.024287,0.024955,0.000667,0.0,0.0,False,0.03286251190476189,0.02916126984126984,-0.003701242063492049
2025-07-14,0.024289,0.024959,0.00067,0.0,0.0,False,0.03295889682539681,0.02926031349206349,-0.0036985833333333176
2025-07-15,0.024283,0.024958,0.000675,0.0,0.0,False,0.03305525793650792,0.029359353174603173,-0.003695904761904744
2025-07-16,0.024282,0.024956,0.000673,0.0,0.0,False,0.03315161507936506,0.02945838492063492,-0.003693230158730139
2025-07-17,0.024283,0.024951,0.000668,0.0,0.0,False,0.03324797619047617,0.029557396825396823,-0.0036905793650793446
2025-07-18,0.024278,0.024942,0.000664,0.0,0.0,False,0.033344317460317435,0.029656373015873014,-0.003687944444444421
2025-07-21,0.02428,0.024936,0.000655,0.0,0.0,False,0.03344066666666664,0.029755325396825395,-0.003685341269841245
2025-07-22,0.024287,0.024936,0.000648,0.0,0.0,False,0.03353704365079362,0.029854277777777775,-0.003682765873015848
2025-07-23,0.024287,0.024935,0.000648,0.0,0.0,False,0.033633420634920606,0.029953226190476186,-0.00368019444444442
2025-07-24,0.024281,0.024932,0.000651,0.0,0.0,False,0.03372977380952378,0.030052162698412693,-0.0036776111111110864
2025-07-25,0.024293,0.024938,0.000645,0.0,0.0,False,0.03382617460317457,0.03015112301587301,-0.0036750515873015636
2025-07-28,0.024277,0.024926,0.000649,0.0,0.0,False,0.03392251190476187,0.03025003571428571,-0.0036724761904761635
2025-07-29,0.024286,0.02493,0.000644,0.0,0.0,False,0.03401888492063489,0.03034896428571428,-0.003669920634920606
2025-07-30,0.024287,0.02493,0.000643,0.0,0.0,False,0.03411526190476187,0.030447892857142854,-0.0036673690476190166
2025-07-31,0.02427,0.024911,0.00064,0.0,0.0,False,0.0342115714285714,0.03054674603174603,-0.0036648253968253677
2025-08-01,0.024283,0.024905,0.000623,0.0,0.0,False,0.034307932539682506,0.030645575396825393,-0.003662357142857113
2025-08-04,0.024286,0.024906,0.00062,0.0,0.0,False,0.03440430555555552,0.030744408730158726,-0.0036598968253967953
2025-08-05,0.024286,0.024907,0.000621,0.0,0.0,False,0.034500678571428536,0.030843246031746027,-0.003657432539682509
2025-08-06,0.024292,0.02491,0.000619,0.0,0.0,False,0.03459707539682536,0.030942095238095234,-0.0036549801587301284
2025-08-07,0.024287,0.024912,0.000625,0.0,0.0,False,0.034693452380952346,0.031040952380952377,-0.0036524999999999683
2025-08-08,0.024284,0.024912,0.000628,0.0,0.0,False,0.034789817460317424,0.03113980952380952,-0.0036500079365079027
2025-08-11,0.024287,0.02491,0.000624,0.0,0.0,False,0.03488619444444441,0.031238658730158728,-0.0036475357142856796
2025-08-12,0.02428,0.024901,0.000622,0.0,0.0,False,0.03498254365079361,0.03133747222222222,-0.0036450714285713934
2025-08-13,0.024289,0.024906,0.000617,0.0,0.0,False,0.03507892857142853,0.03143630555555555,-0.003642623015872981
2025-08-14,0.024288,0.02491,0.000622,0.0,0.0,False,0.035175309523809484,0.03153515476190476,-0.0036401547619047264
2025-08-15,0.024284,0.024912,0.000628,0.0,0.0,False,0.03527167460317456,0.0316340119047619,-0.003637662698412661
2025-08-18,0.024286,0.02491,0.000624,0.0,0.0,False,0.03536804761904758,0.03173286111111111,-0.0036351865079364692
2025-08-19,0.024286,0.024908,0.000623,0.0,0.0,False,0.03546442063492059,0.03183170238095238,-0.0036327182539682146
2025-08-20,0.024286,0.024913,0.000627,0.0,0.0,False,0.03556079365079361,0.03193056349206349,-0.0036302301587301175
2025-08-21,0.024274,0.024898,0.000624,0.0,0.0,False,0.03565711904761901,0.032029365079365074,-0.003627753968253933
2025-08-22,0.024288,0.0249,0.000612,0.0,0.0,False,0.03575349999999996,0.032128174603174596,-0.003625325396825363
2025-08-25,0.024287,0.024902,0.000615,0.0,0.0,False,0.03584987698412694,0.032226992063492055,-0.0036228849206348876
2025-08-26,0.024281,0.024895,0.000614,0.0,0.0,False,0.035946230158730115,0.032325781746031734,-0.0036204484126983807
2025-08-27,0.024284,0.024894,0.000609,0.0,0.0,False,0.03604259523809519,0.032424567460317445,-0.003618027777777748
2025-08-28,0.024289,0.024899,0.00061,0.0,0.0,False,0.036138980158730113,0.032523373015873,-0.003615607142857115
2025-08-29,0.024292,0.024901,0.000609,0.0,0.0,False,0.03623537698412694,0.03262218650793649,-0.0036131904761904504
2025-09-02,0.024282,0.024894,0.000612,0.0,0.0,False,0.03633173412698408,0.0327209722222222,-0.0036107619047618805
2025-09-03,0.024276,0.024886,0.00061,0.0,0.0,False,0.03642806746031741,0.03281972619047617,-0.0036083412698412407
2025-09-04,0.024276,0.024871,0.000595,0.0,0.0,False,0.03652440079365074,0.03291842063492061,-0.003605980158730128
2025-09-05,0.024283,0.02487,0.000587,0.0,0.0,False,0.03662076190476185,0.03301711111111109,-0.003603650793650763
2025-09-08,0.024289,0.024871,0.000583,0.0,0.0,False,0.03671714682539677,0.03311580555555553,-0.0036013412698412406
2025-09-09,0.024283,0.024868,0.000585,0.0,0.0,False,0.03681350793650788,0.03321448809523807,-0.0035990198412698127
2025-09-10,0.02428,0.024861,0.000581,0.0,0.0,False,0.036909857142857085,0.03331314285714283,-0.0035967142857142517
2025-09-11,0.024288,0.024864,0.000576,0.0,0.0,False,0.03700623809523804,0.033411809523809496,-0.00359442857142854
2025-09-12,0.024283,0.024864,0.000581,0.0,0.0,False,0.037102599206349146,0.03351047619047616,-0.003592123015872986
2025-09-15,0.024289,0.024864,0.000576,0.0,0.0,False,0.03719898412698407,0.033609142857142824,-0.003589841269841243
2025-09-16,0.024291,0.024872,0.000581,0.0,0.0,False,0.037295376984126924,0.033707841269841235,-0.003587535714285689
2025-09-17,0.024287,0.024874,0.000587,0.0,0.0,False,0.03739175396825391,0.03380654761904758,-0.003585206349206324
2025-09-18,0.024286,0.024875,0.000589,0.0,0.0,False,0.03748812698412692,0.0339052579365079,-0.0035828690476190223
2025-09-19,0.024287,0.024877,0.00059,0.0,0.0,False,0.037584503968253906,0.034003976190476154,-0.003580527777777752
2025-09-22,0.024285,0.024874,0.000589,0.0,0.0,False,0.03768087301587295,0.0341026825396825,-0.00357819047619045
2025-09-23,0.024288,0.02488,0.000593,0.0,0.0,False,0.037777253968253904,0.03420141269841266,-0.003575841269841243
2025-09-24,0.024291,0.024887,0.000597,0.0,0.0,False,0.03787364682539676,0.0343001706349206,-0.0035734761904761617
2025-09-25,0.024283,0.024885,0.000601,0.0,0.0,False,0.03797000793650787,0.0343989206349206,-0.0035710873015872696
2025-09-26,0.024283,0.024881,0.000597,0.0,0.0,False,0.03806636904761898,0.03449765476190473,-0.0035687142857142515
2025-09-29,0.024283,0.024883,0.0006,0.0,0.0,False,0.03816273015873009,0.034596396825396794,-0.0035663333333332964
2025-09-30,0.024281,0.024875,0.000595,0.0,0.0,False,0.03825908333333326,0.03469510714285711,-0.003563976190476152
2025-10-01,0.024285,0.024873,0.000589,0.0,0.0,False,0.03835545238095231,0.03479380952380949,-0.003561642857142819
2025-10-02,0.024289,0.024877,0.000588,0.0,0.0,False,0.03845183730158723,0.034892527777777745,-0.0035593095238094855
2025-10-03,0.024289,0.024882,0.000592,0.0,0.0,False,0.03854822222222215,0.03499126587301584,-0.0035569563492063097
2025-10-06,0.024281,0.024876,0.000595,0.0,0.0,False,0.03864457539682532,0.035089980158730126,-0.003554595238095197
2025-10-07,0.024285,0.024876,0.000591,0.0,0.0,False,0.03874094444444437,0.03518869444444441,-0.0035522499999999582
2025-10-08,0.02429,0.024882,0.000592,0.0,0.0,False,0.03883733333333326,0.03528743253968251,-0.003549900793650751
2025-10-09,0.024281,0.024874,0.000593,0.0,0.0,False,0.03893368650793643,0.035386138888888856,-0.003547547619047575
2025-10-10,0.024283,0.024865,0.000582,0.0,0.0,False,0.03903004761904754,0.03548480952380949,-0.0035452380952380527
2025-10-14,0.024283,0.024862,0.000579,0.0,0.0,False,0.03912640873015865,0.03558346825396822,-0.0035429404761904287
2025-10-15,0.024282,0.024856,0.000574,0.0,0.0,False,0.03922276587301579,0.035682103174603144,-0.003540662698412647
2025-10-16,0.02429,0.024862,0.000572,0.0,0.0,False,0.03931915476190468,0.03578076190476188,-0.0035383928571428025
2025-10-17,0.02428,0.024855,0.000575,0.0,0.0,False,0.039415503968253884,0.03587939285714283,-0.0035361111111110524
2025-10-20,0.024285,0.024854,0.00057,0.0,0.0,False,0.03951187301587293,0.03597801984126982,-0.003533853174603113
2025-10-21,0.024288,0.024858,0.00057,0.0,0.0,False,0.03960825396825388,0.03607666269841268,-0.0035315912698412055
2025-10-22,0.024287,0.024859,0.000571,0.0,0.0,False,0.039704630952380866,0.036175309523809505,-0.003529321428571361
2025-10-23,0.024283,0.024856,0.000572,0.0,0.0,False,0.039800992063491976,0.03627394444444443,-0.0035270476190475478
2025-10-24,0.024283,0.024853,0.00057,0.0,0.0,False,0.039897353174603085,0.036372567460317445,-0.00352478571428564
2025-10-27,0.024286,0.024851,0.000566,0.0,0.0,False,0.0399937261904761,0.036471182539682526,-0.003522543650793575
2025-10-28,0.024289,0.024864,0.000575,0.0,0.0,False,0.04009011111111102,0.03656984920634919,-0.0035202619047618317
2025-10-29,0.024289,0.024868,0.000579,0.0,0.0,False,0.04018649603174594,0.03666853174603173,-0.0035179642857142146
2025-10-30,0.024287,0.024872,0.000585,0.0,0.0,False,0.040282873015872925,0.03676723015873014,-0.0035156428571427867
2025-10-31,0.024289,0.024874,0.000586,0.0,0.0,False,0.040379257936507845,0.036865936507936486,-0.0035133214285713588
2025-11-03,0.024284,0.024872,0.000588,0.0,0.0,False,0.04047562301587292,0.0369646349206349,-0.0035109880952380254
2025-11-04,0.024289,0.024876,0.000587,0.0,0.0,False,0.040572007936507844,0.03706334920634918,-0.0035086587301586605
2025-11-05,0.024279,0.024868,0.000589,0.0,0.0,False,0.04066835317460308,0.03716203174603172,-0.0035063214285713587
2025-11-06,0.024288,0.024871,0.000583,0.0,0.0,False,0.04076473412698403,0.037260726190476164,-0.0035040079365078677
2025-11-07,0.024284,0.024871,0.000587,0.0,0.0,False,0.04086109920634911,0.037359420634920606,-0.003501678571428503
2025-11-10,0.024283,0.024865,0.000582,0.0,0.0,False,0.04095746031746022,0.03745809126984124,-0.0034993690476189804
2025-11-12,0.02429,0.02487,0.00058,0.0,0.0,False,0.04105384920634911,0.03755678174603171,-0.003497067460317395
2025-11-13,0.024288,0.024874,0.000586,0.0,0.0,False,0.04115023015873006,0.03765548809523806,-0.0034947420634919985
2025-11-14,0.024284,0.024875,0.000591,0.0,0.0,False,0.04124659523809514,0.03775419841269838,-0.0034923968253967597
2025-11-17,0.024286,0.024875,0.000589,0.0,0.0,False,0.04134296825396815,0.037852908730158695,-0.003490059523809458
2025-11-18,0.024289,0.024878,0.000589,0.0,0.0,False,0.04143935317460307,0.03795163095238092,-0.003487722222222156
2025-11-19,0.024282,0.024873,0.000591,0.0,0.0,False,0.041535710317460214,0.0380503333333333,-0.003485376984126917
2025-11-20,0.024282,0.024869,0.000587,0.0,0.0,False,0.041632067460317355,0.0381490198412698,-0.0034830476190475523
2025-11-21,0.024282,0.024863,0.000581,0.0,0.0,False,0.0417284246031745,0.0382476825396825,-0.0034807420634919983
2025-11-24,0.024283,0.024857,0.000575,0.0,0.0,False,0.041824785714285606,0.03834632142857139,-0.0034784642857142167
2025-11-25,0.024284,0.024856,0.000572,0.0,0.0,False,0.041921150793650684,0.03844495634920631,-0.003476194444444372
2025-11-26,0.024289,0.024857,0.000568,0.0,0.0,False,0.042017535714285605,0.0385435952380952,-0.0034739404761904014
2025-11-28,0.024292,0.024868,0.000575,0.0,0.0,False,0.04211393253968243,0.03864227777777774,-0.0034716547619046897
2025-12-01,0.024284,0.024866,0.000582,0.0,0.0,False,0.04221029761904751,0.03874095238095234,-0.0034693452380951673
2025-12-02,0.024282,0.024863,0.00058,0.0,0.0,False,0.04230665476190465,0.038839615079365036,-0.0034670396825396133
2025-12-03,0.024288,0.024865,0.000577,0.0,0.0,False,0.0424030357142856,0.03893828571428567,-0.003464749999999933
2025-12-04,0.024289,0.024869,0.00058,0.0,0.0,False,0.04249942063492052,0.039036972222222174,-0.0034624484126983476
2025-12-05,0.024289,0.024874,0.000585,0.0,0.0,False,0.04259580555555544,0.03913567857142852,-0.0034601269841269197
2025-12-08,0.024289,0.024878,0.000589,0.0,0.0,False,0.04269219047619036,0.039234400793650745,-0.003457789682539618
2025-12-09,0.024281,0.024872,0.000591,0.0,0.0,False,0.042788543650793535,0.039333099206349156,-0.003455444444444379
2025-12-10,0.024287,0.024872,0.000586,0.0,0.0,False,0.04288492063492052,0.03943179761904757,-0.003453123015872951
2025-12-11,0.024289,0.024878,0.000588,0.0,0.0,False,0.04298130555555544,0.03953051984126979,-0.0034507857142856493
2025-12-12,0.024285,0.024879,0.000594,0.0,0.0,False,0.043077674603174486,0.03962924603174598,-0.003448428571428505
2025-12-15,0.024283,0.024874,0.000591,0.0,0.0,False,0.043174035714285595,0.03972795238095233,-0.0034460833333332663
2025-12-16,0.024286,0.024874,0.000588,0.0,0.0,False,0.04327040873015861,0.03982665873015868,-0.003443749999999933
2025-12-17,0.024282,0.02487,0.000588,0.0,0.0,False,0.04336676587301575,0.03992534920634915,-0.0034414166666665996
2025-12-18,0.024291,0.024878,0.000588,0.0,0.0,False,0.04346315873015861,0.040024071428571374,-0.0034390873015872347
2025-12-19,0.024284,0.024874,0.00059,0.0,0.0,False,0.04355952380952369,0.04012277777777772,-0.0034367460317459644
2025-12-22,0.024285,0.024872,0.000587,0.0,0.0,False,0.043655892857142733,0.040221476190476134,-0.0034344166666665996
2025-12-23,0.024281,0.024867,0.000586,0.0,0.0,False,0.043752246031745906,0.0403201547619047,-0.003432091269841203
2025-12-24,0.024285,0.024867,0.000582,0.0,0.0,False,0.04384861507936495,0.04041883333333327,-0.0034297817460316807
2025-12-25,0.024286,0.024866,0.000581,0.0,0.0,False,0.04394498809523797,0.04051750793650787,-0.003427480158730095
2025-12-26,0.024284,0.024863,0.00058,0.0,0.0,False,0.044041353174603046,0.04061617063492057,-0.003425182539682478
2025-12-29,0.024287,0.024866,0.000579,0.0,0.0,False,0.04413773015873003,0.04071484523809517,-0.003422884920634861
2025-12-30,0.02429,0.02487,0.00058,0.0,0.0,False,0.04423411904761892,0.04081353571428564,-0.0034205833333332755
2025-12-31,0.024288,0.024874,0.000586,0.0,0.0,False,0.04433049999999987,0.04091224206349199,-0.003418257936507879
2026-01-02,0.024282,0.024868,0.000585,0.0,0.0,False,0.04442685714285701,0.04101092460317453,-0.0034159325396824827
2026-01-05,0.024285,0.024869,0.000583,0.0,0.0,False,0.04452322619047606,0.041109611111111034,-0.0034136150793650233
2026-01-06,0.024283,0.024865,0.000582,0.0,0.0,False,0.04461958730158717,0.041208281746031666,-0.003411305555555501
2026-01-07,0.024287,0.024866,0.000579,0.0,0.0,False,0.04471596428571415,0.04130695634920627,-0.0034090079365078838
2026-01-08,0.024284,0.024865,0.00058,0.0,0.0,False,0.04481232936507923,0.0414056269841269,-0.0034067023809523297
2026-01-09,0.024285,0.024864,0.000579,0.0,0.0,False,0.044908698412698275,0.04150429365079356,-0.0034044047619047127
2026-01-12,0.024284,0.024863,0.000578,0.0,0.0,False,0.04500506349206335,0.04160295634920626,-0.0034021071428570956
2026-01-13,0.024281,0.024855,0.000574,0.0,0.0,False,0.045101416666666526,0.04170158730158721,-0.003399829365079314
2026-01-14,0.02429,0.024861,0.000571,0.0,0.0,False,0.045197805555555415,0.04180024206349198,-0.003397563492063438
2026-01-15,0.024288,0.024865,0.000577,0.0,0.0,False,0.04529418650793637,0.04189891269841261,-0.003395273809523758
2026-01-16,0.02429,0.02487,0.00058,0.0,0.0,False,0.045390575396825256,0.04199760317460308,-0.0033929722222221723
2026-01-20,0.02428,0.024863,0.000583,0.0,0.0,False,0.04548692460317446,0.04209626587301578,-0.0033906587301586813
2026-01-21,0.024287,0.024865,0.000578,0.0,0.0,False,0.04558330158730144,0.04219493650793641,-0.0033883650793650327
2026-01-22,0.024283,0.02486,0.000578,0.0,0.0,False,0.04567966269841255,0.04229358730158721,-0.0033860753968253457
2026-01-23,0.024289,0.024859,0.000571,0.0,0.0,False,0.04577604761904747,0.042392234126984035,-0.003383813492063438
2026-01-26,0.024283,0.024857,0.000574,0.0,0.0,False,0.04587240873015858,0.042490873015872926,-0.0033815357142856564
2026-01-27,0.024286,0.024856,0.00057,0.0,0.0,False,0.0459687817460316,0.04258950793650785,-0.0033792738095237487
2026-01-28,0.024282,0.024853,0.000571,0.0,0.0,False,0.04606513888888874,0.042688130952380866,-0.0033770079365078726
2026-01-29,0.024288,0.024851,0.000563,0.0,0.0,False,0.04616151984126969,0.04278674603174595,-0.0033747738095237442
2026-01-30,0.024289,0.024856,0.000567,0.0,0.0,False,0.04625790476190461,0.04288538095238087,-0.003372523809523742
2026-02-02,0.024287,0.024856,0.00057,0.0,0.0,False,0.046354281746031595,0.04298401587301579,-0.0033702658730158028
2026-02-03,0.024289,0.024863,0.000574,0.0,0.0,False,0.046450666666666515,0.04308267857142849,-0.003367988095238028
2026-02-04,0.024276,0.024849,0.000573,0.0,0.0,False,0.046546999999999845,0.04318128571428563,-0.003365714285714215
2026-02-05,0.024288,0.02485,0.000562,0.0,0.0,False,0.0466433809523808,0.04327989682539674,-0.003363484126984055
2026-02-06,0.024285,0.02485,0.000565,0.0,0.0,False,0.046739749999999844,0.043378507936507854,-0.00336124206349199
2026-02-09,0.024282,0.024844,0.000562,0.0,0.0,False,0.046836107142856985,0.043477095238095155,-0.00335901190476183
2026-02-10,0.024288,0.024848,0.000559,0.0,0.0,False,0.04693248809523794,0.04357569841269833,-0.003356789682539607
2026-02-11,0.024279,0.024838,0.00056,0.0,0.0,False,0.04702883333333317,0.04367426190476182,-0.0033545714285713527
2026-02-12,0.024277,0.02483,0.000553,0.0,0.0,False,0.04712517063492047,0.04377279365079357,-0.003352376984126902
2026-02-13,0.024289,0.02483,0.000541,0.0,0.0,False,0.04722155555555539,0.04387132539682532,-0.0033502301587300734
2026-02-17,0.024286,0.024832,0.000547,0.0,0.0,False,0.04731792857142841,0.043969865079365,-0.003348063492063409
2026-02-18,0.024285,0.024832,0.000547,0.0,0.0,False,0.04741429761904745,0.04406840476190468,-0.0033458928571427765
2026-02-19,0.024286,0.024831,0.000545,0.0,0.0,False,0.04751067063492047,0.044166940476190394,-0.003343730158730074
2026-02-20,0.02428,0.024824,0.000544,0.0,0.0,False,0.04760701984126967,0.04426544841269833,-0.0033415714285713397
2026-02-23,0.024289,0.024825,0.000536,0.0,0.0,False,0.04770340476190459,0.04436396031746024,-0.0033394444444443533
2026-02-24,0.024291,0.024829,0.000538,0.0,0.0,False,0.04779979761904745,0.04446248809523802,-0.00333730952380943
2026-02-25,0.024283,0.024829,0.000546,0.0,0.0,False,0.04789615873015856,0.0445610158730158,-0.003335142857142759
2026-02-26,0.02428,0.024822,0.000542,0.0,0.0,False,0.047992507936507764,0.0446595158730158,-0.0033329920634919616
